-6.646845489740371704e-03,-1.517608645372092724e-03,7.792308330535888672e-01,9.999771118164062500e-01,5.838160868734121323e-03,-3.412822028622031212e-03,-1.045456592692062259e-04,8.118830621242523193e-02,1.688015311956405640e-01,3.882665336132049561e-01,1.282661408185958862e-01,-1.525514572858810425e-01,-1.580743193626403809e-01,6.652513891458511353e-02,-1.972624063491821289e-01,-3.626393079757690430e-01,1.317287534475326538e-01,-1.572047173976898193e-01,1.732095628976821899e-01,-2.525097131729125977e-02,-1.629741303622722626e-02,1.052072122693061829e-01,-2.721877768635749817e-02,3.482795953750610352e-01,-6.862997412681579590e-01,1.053082704544067383e+00,2.731210887432098389e-01,-2.165639959275722504e-02,7.775871455669403076e-02,-1.248409375548362732e-01,-3.607213795185089111e-01,8.127912282943725586e-01,1.078659772872924805e+00,-2.417368143796920776e-01,-7.469601929187774658e-02,3.015340305864810944e-02
-6.583280861377716064e-03,-1.509779132902622223e-03,7.792209982872009277e-01,9.999758005142211914e-01,5.944770295172929764e-03,-3.619976807385683060e-03,-1.731357883727469016e-06,8.173315227031707764e-02,1.684859842061996460e-01,3.878678083419799805e-01,1.281203925609588623e-01,-1.545862406492233276e-01,-1.581494510173797607e-01,6.758962571620941162e-02,-1.972002387046813965e-01,-3.628374636173248291e-01,1.320099532604217529e-01,-1.574344485998153687e-01,1.739787906408309937e-01,-2.475422807037830353e-02,-1.619728095829486847e-02,1.039488911628723145e-01,-2.642137929797172546e-02,3.473981618881225586e-01,-6.850364208221435547e-01,1.052712082862854004e+00,2.758020162582397461e-01,-2.020653523504734039e-02,7.487484067678451538e-02,-1.214519143104553223e-01,-3.602068126201629639e-01,8.093799948692321777e-01,1.075868964195251465e+00,-2.395901978015899658e-01,-7.426486909389495850e-02,3.052164241671562195e-02
-6.544172298163175583e-03,-1.514416653662919998e-03,7.790928483009338379e-01,9.999749064445495605e-01,6.016898900270462036e-03,-3.717918181791901588e-03,4.043241497129201889e-04,8.177081495523452759e-02,1.681122332811355591e-01,3.871108293533325195e-01,1.278280764818191528e-01,-1.552213728427886963e-01,-1.580672711133956909e-01,6.858343631029129028e-02,-1.975521147251129150e-01,-3.641582727432250977e-01,1.320816874504089355e-01,-1.578312367200851440e-01,1.744804531335830688e-01,-2.528254874050617218e-02,-1.602441072463989258e-02,1.027883589267730713e-01,-2.478193491697311401e-02,3.464556038379669189e-01,-6.830232739448547363e-01,1.051619529724121094e+00,2.789917588233947754e-01,-1.946926862001419067e-02,7.271179556846618652e-02,-1.177688688039779663e-01,-3.587074279785156250e-01,8.058693408966064453e-01,1.072832226753234863e+00,-2.360974997282028198e-01,-7.455826550722122192e-02,3.122688829898834229e-02
-6.390252150595188141e-03,-1.467210473492741585e-03,7.789536118507385254e-01,9.999734759330749512e-01,6.103808060288429260e-03,-3.857743460685014725e-03,9.233378223143517971e-04,8.175951242446899414e-02,1.676441729068756104e-01,3.857956826686859131e-01,1.275276690721511841e-01,-1.557268202304840088e-01,-1.577416211366653442e-01,6.978722661733627319e-02,-1.977969855070114136e-01,-3.658304214477539062e-01,1.318293213844299316e-01,-1.584284305572509766e-01,1.749130189418792725e-01,-2.600413560867309570e-02,-1.618343591690063477e-02,1.014146730303764343e-01,-2.237998135387897491e-02,3.453854918479919434e-01,-6.811139583587646484e-01,1.050504803657531738e+00,2.805791497230529785e-01,-1.794439740478992462e-02,7.209904491901397705e-02,-1.132521331310272217e-01,-3.561027944087982178e-01,8.022227287292480469e-01,1.069680452346801758e+00,-2.315555214881896973e-01,-7.501313090324401855e-02,3.183939307928085327e-02
-6.138950586318969727e-03,-1.388295786455273628e-03,7.788270115852355957e-01,9.999718666076660156e-01,6.162030622363090515e-03,-4.015871789306402206e-03,1.446087029762566090e-03,8.184462040662765503e-02,1.672776788473129272e-01,3.844325244426727295e-01,1.271103322505950928e-01,-1.561876982450485229e-01,-1.577004343271255493e-01,7.091864198446273804e-02,-1.977846473455429077e-01,-3.667487800121307373e-01,1.314480900764465332e-01,-1.589993238449096680e-01,1.751962304115295410e-01,-2.665274962782859802e-02,-1.651873253285884857e-02,9.996633976697921753e-02,-2.039095200598239899e-02,3.441540300846099854e-01,-6.794854998588562012e-01,1.049913287162780762e+00,2.789947390556335449e-01,-1.634135283529758453e-02,7.273573428392410278e-02,-1.081165969371795654e-01,-3.528227210044860840e-01,7.985635995864868164e-01,1.066523790359497070e+00,-2.271877527236938477e-01,-7.548794150352478027e-02,3.251542896032333374e-02
-5.812744144350290298e-03,-1.245380844920873642e-03,7.787148952484130859e-01,9.999701976776123047e-01,6.209599785506725311e-03,-4.162117373198270798e-03,1.919499831274151802e-03,8.203777670860290527e-02,1.668895483016967773e-01,3.831088840961456299e-01,1.265514791011810303e-01,-1.564133167266845703e-01,-1.579211056232452393e-01,7.219687104225158691e-02,-1.976721286773681641e-01,-3.671785295009613037e-01,1.307967752218246460e-01,-1.594160348176956177e-01,1.755879074335098267e-01,-2.745445072650909424e-02,-1.705472730100154877e-02,9.844502806663513184e-02,-1.874074153602123260e-02,3.430537879467010498e-01,-6.781284213066101074e-01,1.049558639526367188e+00,2.768970131874084473e-01,-1.512457430362701416e-02,7.332415878772735596e-02,-1.027632951736450195e-01,-3.491227328777313232e-01,7.958181500434875488e-01,1.063883900642395020e+00,-2.241146713495254517e-01,-7.598687708377838135e-02,3.303524106740951538e-02
-5.467830225825309753e-03,-1.113374484702944756e-03,7.786617279052734375e-01,9.999688267707824707e-01,6.258256267756223679e-03,-4.229479003697633743e-03,2.311315620318055153e-03,8.191356062889099121e-02,1.664671450853347778e-01,3.818791210651397705e-01,1.262461394071578979e-01,-1.565356850624084473e-01,-1.581910252571105957e-01,7.333196699619293213e-02,-1.976566314697265625e-01,-3.676247894763946533e-01,1.299237012863159180e-01,-1.596019268035888672e-01,1.760199666023254395e-01,-2.830729633569717407e-02,-1.770730875432491302e-02,9.709088504314422607e-02,-1.745574921369552612e-02,3.422962129116058350e-01,-6.769797801971435547e-01,1.049453377723693848e+00,2.758608162403106689e-01,-1.463733240962028503e-02,7.381993532180786133e-02,-9.773440659046173096e-02,-3.453526794910430908e-01,7.937570810317993164e-01,1.062458634376525879e+00,-2.223811894655227661e-01,-7.693964242935180664e-02,3.349819406867027283e-02
-5.147530697286128998e-03,-1.055246568284928799e-03,7.786206007003784180e-01,9.999675154685974121e-01,6.309200543910264969e-03,-4.259163979440927505e-03,2.655445132404565811e-03,8.167128264904022217e-02,1.659937351942062378e-01,3.807239830493927002e-01,1.261317580938339233e-01,-1.567064225673675537e-01,-1.584154814481735229e-01,7.432952523231506348e-02,-1.976780593395233154e-01,-3.677026033401489258e-01,1.290446519851684570e-01,-1.595996022224426270e-01,1.765003502368927002e-01,-2.929458580911159515e-02,-1.844622008502483368e-02,9.587465226650238037e-02,-1.651619188487529755e-02,3.416916728019714355e-01,-6.760615110397338867e-01,1.049580693244934082e+00,2.744550406932830811e-01,-1.452052872627973557e-02,7.408730685710906982e-02,-9.279907494783401489e-02,-3.415768742561340332e-01,7.917597889900207520e-01,1.062134146690368652e+00,-2.214254587888717651e-01,-7.790838181972503662e-02,3.409969061613082886e-02
-4.877095576375722885e-03,-9.182765497826039791e-04,7.785675525665283203e-01,9.999660849571228027e-01,6.351950112730264664e-03,-4.315896891057491302e-03,2.954944735392928123e-03,8.171066641807556152e-02,1.655381172895431519e-01,3.799281716346740723e-01,1.260232776403427124e-01,-1.568768173456192017e-01,-1.585385650396347046e-01,7.531555742025375366e-02,-1.978410631418228149e-01,-3.675702512264251709e-01,1.283570826053619385e-01,-1.595502495765686035e-01,1.769986301660537720e-01,-3.032601252198219299e-02,-1.919150725007057190e-02,9.481261670589447021e-02,-1.543638017028570175e-02,3.410831391811370850e-01,-6.756142973899841309e-01,1.049844741821289062e+00,2.730935513973236084e-01,-1.466022524982690811e-02,7.409871369600296021e-02,-8.794273436069488525e-02,-3.378865122795104980e-01,7.901765704154968262e-01,1.062657356262207031e+00,-2.203611284494400024e-01,-7.853507995605468750e-02,3.524845093488693237e-02
-4.596867598593235016e-03,-8.728067041374742985e-04,7.785137891769409180e-01,9.999651312828063965e-01,6.382053717970848083e-03,-4.413942806422710419e-03,3.082103095948696136e-03,8.225044608116149902e-02,1.650395840406417847e-01,3.796641826629638672e-01,1.257810443639755249e-01,-1.568860709667205811e-01,-1.585455983877182007e-01,7.608115673065185547e-02,-1.981675177812576294e-01,-3.674548864364624023e-01,1.279447376728057861e-01,-1.594806164503097534e-01,1.773645132780075073e-01,-3.128987178206443787e-02,-1.984307542443275452e-02,9.411787986755371094e-02,-1.409608032554388046e-02,3.404622077941894531e-01,-6.752959489822387695e-01,1.050337076187133789e+00,2.719455659389495850e-01,-1.453341357409954071e-02,7.406501471996307373e-02,-8.348478376865386963e-02,-3.345642983913421631e-01,7.890608310699462891e-01,1.063711285591125488e+00,-2.174073904752731323e-01,-7.873213291168212891e-02,3.624096512794494629e-02
-4.345082212239503860e-03,-7.586248102597892284e-04,7.784677743911743164e-01,9.999651312828063965e-01,6.382883526384830475e-03,-4.498906899243593216e-03,2.966518979519605637e-03,8.315828442573547363e-02,1.646364927291870117e-01,3.800162374973297119e-01,1.254501342773437500e-01,-1.569883078336715698e-01,-1.585293114185333252e-01,7.640034705400466919e-02,-1.985313296318054199e-01,-3.671802580356597900e-01,1.278213113546371460e-01,-1.592348068952560425e-01,1.775142252445220947e-01,-3.215173259377479553e-02,-2.026685886085033417e-02,9.373772889375686646e-02,-1.285886578261852264e-02,3.401191234588623047e-01,-6.749379634857177734e-01,1.050333142280578613e+00,2.712000608444213867e-01,-1.429315004497766495e-02,7.429538667201995850e-02,-7.955214381217956543e-02,-3.320402204990386963e-01,7.882862687110900879e-01,1.065054535865783691e+00,-2.133941948413848877e-01,-7.876829802989959717e-02,3.685955330729484558e-02
-4.086850676685571671e-03,-5.753119476139545441e-04,7.784276008605957031e-01,9.999657869338989258e-01,6.371565163135528564e-03,-4.604904912412166595e-03,2.580079017207026482e-03,8.449690043926239014e-02,1.643611341714859009e-01,3.808734714984893799e-01,1.252046972513198853e-01,-1.572429984807968140e-01,-1.584181934595108032e-01,7.657711207866668701e-02,-1.988624632358551025e-01,-3.666798472404479980e-01,1.277869492769241333e-01,-1.588328331708908081e-01,1.775117516517639160e-01,-3.275383263826370239e-02,-2.057391032576560974e-02,9.347695857286453247e-02,-1.194549072533845901e-02,3.402231633663177490e-01,-6.744781732559204102e-01,1.049869537353515625e+00,2.712115943431854248e-01,-1.409492269158363342e-02,7.455758005380630493e-02,-7.588773965835571289e-02,-3.303755819797515869e-01,7.878962159156799316e-01,1.066655039787292480e+00,-2.098605632781982422e-01,-7.879843562841415405e-02,3.724602237343788147e-02
-3.819012083113193512e-03,-3.903225879184901714e-04,7.784141302108764648e-01,9.999666810035705566e-01,6.356464698910713196e-03,-4.709776956588029861e-03,2.008672570809721947e-03,8.589053899049758911e-02,1.641512066125869751e-01,3.818481862545013428e-01,1.249678060412406921e-01,-1.574139446020126343e-01,-1.582797169685363770e-01,7.672954350709915161e-02,-1.990342736244201660e-01,-3.658378720283508301e-01,1.276519000530242920e-01,-1.584138870239257812e-01,1.774791926145553589e-01,-3.319124877452850342e-02,-2.084441669285297394e-02,9.317343682050704956e-02,-1.132784131914377213e-02,3.406964540481567383e-01,-6.737070679664611816e-01,1.048967003822326660e+00,2.710931003093719482e-01,-1.382806338369846344e-02,7.511754333972930908e-02,-7.266575843095779419e-02,-3.296691477298736572e-01,7.880420088768005371e-01,1.068580746650695801e+00,-2.086717337369918823e-01,-7.853752374649047852e-02,3.747798129916191101e-02
-3.554289927706122398e-03,-2.400350349489599466e-04,7.784330248832702637e-01,9.999678134918212891e-01,6.306014023721218109e-03,-4.800513386726379395e-03,1.247288309969007969e-03,8.737334609031677246e-02,1.641091257333755493e-01,3.829852640628814697e-01,1.246197968721389771e-01,-1.575306355953216553e-01,-1.581416428089141846e-01,7.667432725429534912e-02,-1.990005522966384888e-01,-3.644528985023498535e-01,1.275382339954376221e-01,-1.579870730638504028e-01,1.773972660303115845e-01,-3.343858942389488220e-02,-2.100194431841373444e-02,9.273540228605270386e-02,-1.095874048769474030e-02,3.413060009479522705e-01,-6.727126240730285645e-01,1.047997117042541504e+00,2.707307040691375732e-01,-1.346424967050552368e-02,7.635144889354705811e-02,-6.997426599264144897e-02,-3.296114504337310791e-01,7.882131338119506836e-01,1.070561408996582031e+00,-2.092123776674270630e-01,-7.789936661720275879e-02,3.750492632389068604e-02
-3.299621399492025375e-03,-1.141751636168919504e-04,7.784776091575622559e-01,9.999683499336242676e-01,6.261615082621574402e-03,-4.875323269516229630e-03,4.312982200644910336e-04,8.870942890644073486e-02,1.641113758087158203e-01,3.843821883201599121e-01,1.242958083748817444e-01,-1.576512008905410767e-01,-1.578707098960876465e-01,7.664215564727783203e-02,-1.990015804767608643e-01,-3.630361855030059814e-01,1.274704784154891968e-01,-1.578494012355804443e-01,1.775361597537994385e-01,-3.369154036045074463e-02,-2.112885937094688416e-02,9.223010390996932983e-02,-1.042328402400016785e-02,3.420019447803497314e-01,-6.720859408378601074e-01,1.046940445899963379e+00,2.705072164535522461e-01,-1.310621574521064758e-02,7.811754196882247925e-02,-6.751611083745956421e-02,-3.300526440143585205e-01,7.882336974143981934e-01,1.072402000427246094e+00,-2.109474688768386841e-01,-7.759298384189605713e-02,3.713494911789894104e-02
-3.042683005332946777e-03,2.179933653678745031e-05,7.785274982452392578e-01,9.999681115150451660e-01,6.232480518519878387e-03,-4.979382734745740891e-03,-3.865085018333047628e-04,8.997932821512222290e-02,1.640526950359344482e-01,3.860158324241638184e-01,1.238896399736404419e-01,-1.578642874956130981e-01,-1.576787680387496948e-01,7.680321484804153442e-02,-1.990256309509277344e-01,-3.614597320556640625e-01,1.273976266384124756e-01,-1.580934375524520874e-01,1.777434498071670532e-01,-3.411808237433433533e-02,-2.137649804353713989e-02,9.168291836977005005e-02,-9.516255930066108704e-03,3.427155017852783203e-01,-6.716499328613281250e-01,1.046194195747375488e+00,2.698456346988677979e-01,-1.271999534219503403e-02,7.997883856296539307e-02,-6.485936045646667480e-02,-3.308358490467071533e-01,7.874332070350646973e-01,1.073783040046691895e+00,-2.130121141672134399e-01,-7.750774174928665161e-02,3.616578131914138794e-02
-2.777691232040524483e-03,1.688977354206144810e-04,7.785651087760925293e-01,9.999669790267944336e-01,6.183056160807609558e-03,-5.108362063765525818e-03,-1.304174074903130531e-03,9.138458967208862305e-02,1.640583723783493042e-01,3.879972100257873535e-01,1.233703419566154480e-01,-1.582723557949066162e-01,-1.577307432889938354e-01,7.692348212003707886e-02,-1.988529711961746216e-01,-3.593890070915222168e-01,1.273685842752456665e-01,-1.584199815988540649e-01,1.780357956886291504e-01,-3.477887064218521118e-02,-2.169827558100223541e-02,9.097082912921905518e-02,-8.279166184365749359e-03,3.432680964469909668e-01,-6.713045835494995117e-01,1.046065568923950195e+00,2.688798606395721436e-01,-1.222687866538763046e-02,8.177529275417327881e-02,-6.157204508781433105e-02,-3.316882848739624023e-01,7.853101491928100586e-01,1.074537158012390137e+00,-2.144733816385269165e-01,-7.750281691551208496e-02,3.479490801692008972e-02
-2.503281226381659508e-03,2.763836819212883711e-04,7.785870432853698730e-01,9.999648332595825195e-01,6.113124080002307892e-03,-5.277779418975114822e-03,-2.240472706034779549e-03,9.295746684074401855e-02,1.641628891229629517e-01,3.902050554752349854e-01,1.229612082242965698e-01,-1.588729321956634521e-01,-1.578092873096466064e-01,7.690055668354034424e-02,-1.984517872333526611e-01,-3.570221066474914551e-01,1.275296062231063843e-01,-1.587167531251907349e-01,1.782528012990951538e-01,-3.563141822814941406e-02,-2.215645462274551392e-02,9.014564007520675659e-02,-6.978230085223913193e-03,3.437268137931823730e-01,-6.711134314537048340e-01,1.046641945838928223e+00,2.686988115310668945e-01,-1.161993946880102158e-02,8.332730829715728760e-02,-5.801668390631675720e-02,-3.321043550968170166e-01,7.817217707633972168e-01,1.074867486953735352e+00,-2.156521677970886230e-01,-7.756704837083816528e-02,3.337014839053153992e-02
-2.180196810513734818e-03,2.928464091382920742e-04,7.786002159118652344e-01,9.999625086784362793e-01,6.036583799868822098e-03,-5.428926553577184677e-03,-3.004672471433877945e-03,9.458252042531967163e-02,1.644035726785659790e-01,3.923963010311126709e-01,1.224421486258506775e-01,-1.594258993864059448e-01,-1.577908247709274292e-01,7.692693918943405151e-02,-1.979774087667465210e-01,-3.551568984985351562e-01,1.278571933507919312e-01,-1.590275615453720093e-01,1.783688664436340332e-01,-3.682049736380577087e-02,-2.277228236198425293e-02,8.904267847537994385e-02,-5.430951248854398727e-03,3.439494967460632324e-01,-6.714343428611755371e-01,1.048060178756713867e+00,2.692059278488159180e-01,-1.058598235249519348e-02,8.428125828504562378e-02,-5.355589464306831360e-02,-3.315915763378143311e-01,7.750228047370910645e-01,1.074269056320190430e+00,-2.151343673467636108e-01,-7.800118625164031982e-02,3.178436309099197388e-02
-1.863318728283047676e-03,2.098733093589544296e-04,7.786287665367126465e-01,9.999612569808959961e-01,5.990270059555768967e-03,-5.501201376318931580e-03,-3.360721515491604805e-03,9.568054974079132080e-02,1.646172106266021729e-01,3.934831917285919189e-01,1.218353882431983948e-01,-1.597725898027420044e-01,-1.578346937894821167e-01,7.699031382799148560e-02,-1.975316405296325684e-01,-3.540920913219451904e-01,1.283265352249145508e-01,-1.595158576965332031e-01,1.781379729509353638e-01,-3.840112313628196716e-02,-2.354994788765907288e-02,8.748953044414520264e-02,-3.570817410945892334e-03,3.440473675727844238e-01,-6.718314886093139648e-01,1.049602746963500977e+00,2.703036665916442871e-01,-9.724719449877738953e-03,8.469457924365997314e-02,-4.845019429922103882e-02,-3.296137452125549316e-01,7.645941972732543945e-01,1.072613120079040527e+00,-2.113150358200073242e-01,-7.928798347711563110e-02,2.988099679350852966e-02
-1.577566261403262615e-03,-7.763403118588030338e-06,7.786462306976318359e-01,9.999625682830810547e-01,6.011909805238246918e-03,-5.445333197712898254e-03,-3.026920603588223457e-03,9.578101336956024170e-02,1.648074835538864136e-01,3.931597471237182617e-01,1.213586926460266113e-01,-1.600767821073532104e-01,-1.577197313308715820e-01,7.706443220376968384e-02,-1.972472518682479858e-01,-3.544384539127349854e-01,1.289485394954681396e-01,-1.601639091968536377e-01,1.776636987924575806e-01,-4.061300307512283325e-02,-2.479246445000171661e-02,8.535110205411911011e-02,-1.959915971383452415e-03,3.442555069923400879e-01,-6.722975373268127441e-01,1.051073312759399414e+00,2.715241909027099609e-01,-9.431871585547924042e-03,8.540429174900054932e-02,-4.163920879364013672e-02,-3.254053890705108643e-01,7.485553026199340820e-01,1.069995760917663574e+00,-2.024116218090057373e-01,-8.131138980388641357e-02,2.750142104923725128e-02
-1.350173261016607285e-03,-3.963439667131751776e-04,7.786770462989807129e-01,9.999655485153198242e-01,6.096023134887218475e-03,-5.330881103873252869e-03,-1.819715951569378376e-03,9.486328810453414917e-02,1.651310771703720093e-01,3.916350901126861572e-01,1.211802437901496887e-01,-1.603779196739196777e-01,-1.574300825595855713e-01,7.733178138732910156e-02,-1.970995068550109863e-01,-3.566750288009643555e-01,1.297487616539001465e-01,-1.611471772193908691e-01,1.768144518136978149e-01,-4.298561438918113708e-02,-2.656026370823383331e-02,8.311899751424789429e-02,-1.723819528706371784e-03,3.448243439197540283e-01,-6.734723448753356934e-01,1.052073717117309570e+00,2.721517682075500488e-01,-1.030860561877489090e-02,8.740088343620300293e-02,-3.355047106742858887e-02,-3.186564147472381592e-01,7.302839756011962891e-01,1.068132877349853516e+00,-1.870293170213699341e-01,-8.448266237974166870e-02,2.627320587635040283e-02
-1.054309774190187454e-03,-1.043838215991854668e-03,7.786980271339416504e-01,9.999673366546630859e-01,6.181206554174423218e-03,-5.203266162425279617e-03,1.530350709799677134e-04,9.337404370307922363e-02,1.657358855009078979e-01,3.891574144363403320e-01,1.215308383107185364e-01,-1.604195237159729004e-01,-1.568319648504257202e-01,7.805762439966201782e-02,-1.969937533140182495e-01,-3.606742620468139648e-01,1.304891407489776611e-01,-1.622972041368484497e-01,1.759885400533676147e-01,-4.468226805329322815e-02,-2.860389091074466705e-02,8.135205507278442383e-02,-3.879861440509557724e-03,3.460772037506103516e-01,-6.760674118995666504e-01,1.052984595298767090e+00,2.720587253570556641e-01,-1.217475160956382751e-02,9.083572775125503540e-02,-2.603439427912235260e-02,-3.102271854877471924e-01,7.164111137390136719e-01,1.070026993751525879e+00,-1.668780595064163208e-01,-8.791804313659667969e-02,2.992595359683036804e-02
-8.285742369480431080e-04,-1.634212443605065346e-03,7.786667346954345703e-01,9.999639987945556641e-01,6.167728919535875320e-03,-5.177793093025684357e-03,2.681891899555921555e-03,9.187158197164535522e-02,1.668305844068527222e-01,3.860380053520202637e-01,1.223822385072708130e-01,-1.601333618164062500e-01,-1.561463922262191772e-01,7.956315577030181885e-02,-1.967864930629730225e-01,-3.658725619316101074e-01,1.309844553470611572e-01,-1.636714637279510498e-01,1.751533299684524536e-01,-4.519540816545486450e-02,-3.065978549420833588e-02,8.028620481491088867e-02,-8.420802652835845947e-03,3.481312990188598633e-01,-6.800885200500488281e-01,1.054389119148254395e+00,2.712874412536621094e-01,-1.433874759823083878e-02,9.417019784450531006e-02,-2.153823897242546082e-02,-3.019356131553649902e-01,7.148348689079284668e-01,1.077943205833435059e+00,-1.460265815258026123e-01,-9.118597954511642456e-02,4.392172768712043762e-02
-5.503032589331269264e-04,-2.241106703877449036e-03,7.786300778388977051e-01,9.999527335166931152e-01,6.002097856253385544e-03,-5.441801622509956360e-03,5.368534009903669357e-03,9.068578481674194336e-02,1.685424000024795532e-01,3.825417459011077881e-01,1.241361945867538452e-01,-1.601140648126602173e-01,-1.552463322877883911e-01,8.251509070396423340e-02,-1.960006058216094971e-01,-3.717849850654602051e-01,1.307103037834167480e-01,-1.651772409677505493e-01,1.741635501384735107e-01,-4.389040544629096985e-02,-3.250500932335853577e-02,8.027394115924835205e-02,-1.495302189141511917e-02,3.510730564594268799e-01,-6.837263703346252441e-01,1.057265758514404297e+00,2.711654007434844971e-01,-1.650916039943695068e-02,9.556546807289123535e-02,-2.470589429140090942e-02,-2.971508502960205078e-01,7.348252534866333008e-01,1.093563199043273926e+00,-1.367155015468597412e-01,-9.422629326581954956e-02,7.731927186250686646e-02
-1.618552341824397445e-04,-2.760180039331316948e-03,7.786878347396850586e-01,9.999348521232604980e-01,5.788456648588180542e-03,-6.084806751459836960e-03,7.730748504400253296e-03,9.039910137653350830e-02,1.703669428825378418e-01,3.791480362415313721e-01,1.259317100048065186e-01,-1.605304926633834839e-01,-1.543920487165451050e-01,8.760142326354980469e-02,-1.944733709096908569e-01,-3.773449361324310303e-01,1.288333237171173096e-01,-1.660327166318893433e-01,1.738275140523910522e-01,-4.092130064964294434e-02,-3.422389924526214600e-02,8.115971833467483521e-02,-2.352958917617797852e-02,3.548725545406341553e-01,-6.846122145652770996e-01,1.061346411705017090e+00,2.731758058071136475e-01,-1.936512440443038940e-02,9.460908919572830200e-02,-4.352148622274398804e-02,-3.032006919384002686e-01,7.871878147125244141e-01,1.116262555122375488e+00,-1.726717054843902588e-01,-9.497483074665069580e-02,1.445504873991012573e-01
3.544789215084165335e-04,-3.056330839172005653e-03,7.788114547729492188e-01,9.999101758003234863e-01,5.762111861258745193e-03,-7.120004389435052872e-03,9.780663065612316132e-03,9.199826419353485107e-02,1.708296984434127808e-01,3.750238418579101562e-01,1.265863180160522461e-01,-1.608967483043670654e-01,-1.538131684064865112e-01,9.413203597068786621e-02,-1.933509409427642822e-01,-3.818102777004241943e-01,1.267120689153671265e-01,-1.669967472553253174e-01,1.743616759777069092e-01,-3.829896822571754456e-02,-3.733041882514953613e-02,8.271527290344238281e-02,-3.072467632591724396e-02,3.591081202030181885e-01,-6.778321862220764160e-01,1.065152168273925781e+00,2.808046936988830566e-01,-2.164727263152599335e-02,9.465579688549041748e-02,-8.110169321298599243e-02,-3.286702334880828857e-01,8.476235270500183105e-01,1.134387731552124023e+00,-2.934007048606872559e-01,-8.721452951431274414e-02,2.283919602632522583e-01
8.820391376502811909e-04,-3.190108574926853180e-03,7.788423299789428711e-01,9.998686313629150391e-01,6.156342104077339172e-03,-8.052598685026168823e-03,1.265026256442070007e-02,9.441028535366058350e-02,1.688843816518783569e-01,3.682012557983398438e-01,1.247655972838401794e-01,-1.603237539529800415e-01,-1.530010551214218140e-01,9.975493699312210083e-02,-1.942300945520401001e-01,-3.877820670604705811e-01,1.266713589429855347e-01,-1.693634539842605591e-01,1.755252480506896973e-01,-3.843097388744354248e-02,-4.394549876451492310e-02,8.428430557250976562e-02,-3.445305675268173218e-02,3.639032244682312012e-01,-6.584956049919128418e-01,1.067793130874633789e+00,2.910512089729309082e-01,-2.171944640576839447e-02,1.006729379296302795e-01,-1.274404227733612061e-01,-3.771314620971679688e-01,8.298949003219604492e-01,1.137013673782348633e+00,-4.431178271770477295e-01,-7.073870301246643066e-02,2.533530294895172119e-01
1.279618707485496998e-03,-3.140088170766830444e-03,7.788583040237426758e-01,9.998046755790710449e-01,7.087284233421087265e-03,-8.538671769201755524e-03,1.635572500526905060e-02,9.564781934022903442e-02,1.649664193391799927e-01,3.600897490978240967e-01,1.223083809018135071e-01,-1.595686078071594238e-01,-1.515000760555267334e-01,1.026008874177932739e-01,-1.978130489587783813e-01,-3.952679634094238281e-01,1.290054619312286377e-01,-1.731922328472137451e-01,1.763542890548706055e-01,-4.409427940845489502e-02,-5.454757437109947205e-02,8.622834831476211548e-02,-3.532829508185386658e-02,3.704089820384979248e-01,-6.283664107322692871e-01,1.067350268363952637e+00,2.920730113983154297e-01,-2.226741611957550049e-02,1.103839352726936340e-01,-1.803168058395385742e-01,-4.522814154624938965e-01,6.842215061187744141e-01,1.107352375984191895e+00,-5.630874037742614746e-01,-4.235887154936790466e-02,1.800682395696640015e-01
1.598210074007511139e-03,-2.547848504036664963e-03,7.787946462631225586e-01,9.997429847717285156e-01,8.177223615348339081e-03,-8.623704314231872559e-03,1.930581778287887573e-02,9.551998227834701538e-02,1.604240685701370239e-01,3.553540110588073730e-01,1.212342828512191772e-01,-1.603608578443527222e-01,-1.514531821012496948e-01,1.022337377071380615e-01,-2.027220278978347778e-01,-3.988001942634582520e-01,1.325232237577438354e-01,-1.773044764995574951e-01,1.757674068212509155e-01,-5.298984050750732422e-02,-6.516158580780029297e-02,8.736542612314224243e-02,-3.048348054289817810e-02,3.770631551742553711e-01,-5.967398881912231445e-01,1.059925913810729980e+00,2.808817923069000244e-01,-2.173522673547267914e-02,1.160006821155548096e-01,-2.373239547014236450e-01,-5.459061861038208008e-01,4.477518796920776367e-01,1.026351690292358398e+00,-6.255927085876464844e-01,-5.707761738449335098e-03,-1.100215502083301544e-02
1.932616229169070721e-03,-1.136117149144411087e-03,7.784838676452636719e-01,9.996962547302246094e-01,9.315809234976768494e-03,-8.948042057454586029e-03,2.098740637302398682e-02,9.586219489574432373e-02,1.556331068277359009e-01,3.552683889865875244e-01,1.205960884690284729e-01,-1.610120534896850586e-01,-1.509370356798171997e-01,1.030134335160255432e-01,-2.081841677427291870e-01,-3.984826207160949707e-01,1.351141333580017090e-01,-1.793006658554077148e-01,1.761200278997421265e-01,-5.916619300842285156e-02,-7.177910208702087402e-02,8.623921126127243042e-02,-2.053375169634819031e-02,3.812234103679656982e-01,-5.740547776222229004e-01,1.048607230186462402e+00,2.688361704349517822e-01,-1.807171851396560669e-02,1.176918372511863708e-01,-3.100327849388122559e-01,-6.549941897392272949e-01,2.459149509668350220e-01,9.321286678314208984e-01,-5.678713321685791016e-01,2.086370438337326050e-02,-1.959278285503387451e-01
2.411000197753310204e-03,6.037511047907173634e-04,7.781470417976379395e-01,9.996278882026672363e-01,1.065181940793991089e-02,-9.344922378659248352e-03,2.331020683050155640e-02,9.679730236530303955e-02,1.500552445650100708e-01,3.543730378150939941e-01,1.193158924579620361e-01,-1.598919630050659180e-01,-1.485067009925842285e-01,1.059474647045135498e-01,-2.141794711351394653e-01,-4.003399014472961426e-01,1.358486413955688477e-01,-1.801475286483764648e-01,1.784957200288772583e-01,-6.113202869892120361e-02,-7.450125366449356079e-02,8.221088349819183350e-02,-9.966011159121990204e-03,3.835414052009582520e-01,-5.617727041244506836e-01,1.038587331771850586e+00,2.643732428550720215e-01,-1.528604701161384583e-02,1.147945895791053772e-01,-3.900148570537567139e-01,-7.678922414779663086e-01,1.005530059337615967e-01,8.122012615203857422e-01,-4.263973236083984375e-01,2.742702700197696686e-02,-3.367661833763122559e-01
3.145806724205613136e-03,2.256105653941631317e-03,7.779244184494018555e-01,9.994919896125793457e-01,1.202451717108488083e-02,-9.432260878384113312e-03,2.796740271151065826e-02,9.572963416576385498e-02,1.442082077264785767e-01,3.478323221206665039e-01,1.181751042604446411e-01,-1.583154797554016113e-01,-1.469187736511230469e-01,1.105518192052841187e-01,-2.203771620988845825e-01,-4.082601070404052734e-01,1.355922520160675049e-01,-1.820521205663681030e-01,1.811762303113937378e-01,-6.017997860908508301e-02,-7.622671127319335938e-02,7.754464447498321533e-02,-2.666086656972765923e-03,3.863058686256408691e-01,-5.555767416954040527e-01,1.031364679336547852e+00,2.686757743358612061e-01,-1.370647642761468887e-02,1.080324500799179077e-01,-4.592308402061462402e-01,-8.797948360443115234e-01,-4.907195921987295151e-03,6.722728610038757324e-01,-2.823203504085540771e-01,1.723784208297729492e-02,-4.382694363594055176e-01
4.083239473402500153e-03,3.566677914932370186e-03,7.777406573295593262e-01,9.992464184761047363e-01,1.329470612108707428e-02,-9.086282923817634583e-03,3.531823307275772095e-02,9.132637828588485718e-02,1.386869400739669800e-01,3.355341851711273193e-01,1.181576624512672424e-01,-1.569552719593048096e-01,-1.465434134006500244e-01,1.176627352833747864e-01,-2.259166389703750610e-01,-4.235048592090606689e-01,1.343687325716018677e-01,-1.847173273563385010e-01,1.836122274398803711e-01,-5.815365165472030640e-02,-7.963024079799652100e-02,7.353790104389190674e-02,3.996463026851415634e-03,3.906610906124114990e-01,-5.504758358001708984e-01,1.027730822563171387e+00,2.787775099277496338e-01,-1.171829644590616226e-02,1.019004806876182556e-01,-5.219268202781677246e-01,-9.952554702758789062e-01,-6.879948079586029053e-02,5.588017702102661133e-01,-2.354241907596588135e-01,1.772165670990943909e-02,-5.006682276725769043e-01
5.232506431639194489e-03,4.397852346301078796e-03,7.776469588279724121e-01,9.988664388656616211e-01,1.416750438511371613e-02,-8.469801396131515503e-03,4.464672133326530457e-02,8.512967079877853394e-02,1.341021656990051270e-01,3.183809220790863037e-01,1.193706989288330078e-01,-1.557103246450424194e-01,-1.464577019214630127e-01,1.275072991847991943e-01,-2.297616600990295410e-01,-4.446971714496612549e-01,1.316104829311370850e-01,-1.861432492733001709e-01,1.858560740947723389e-01,-5.578164756298065186e-02,-8.466193079948425293e-02,7.053763419389724731e-02,1.272591669112443924e-02,3.958870470523834229e-01,-5.410099029541015625e-01,1.028114676475524902e+00,2.884831428527832031e-01,-8.332449942827224731e-03,9.796221554279327393e-02,-5.848025679588317871e-01,-1.110781669616699219e+00,-9.690769016742706299e-02,4.889706969261169434e-01,-2.863813936710357666e-01,1.899432018399238586e-02,-5.783426165580749512e-01
6.555994972586631775e-03,4.778113216161727905e-03,7.777363061904907227e-01,9.983335733413696289e-01,1.479607447981834412e-02,-7.772566284984350204e-03,5.523402988910675049e-02,7.809258997440338135e-02,1.297890543937683105e-01,2.983938157558441162e-01,1.203381344676017761e-01,-1.536927074193954468e-01,-1.458062678575515747e-01,1.392169445753097534e-01,-2.323564738035202026e-01,-4.691647589206695557e-01,1.277145892381668091e-01,-1.858945190906524658e-01,1.881817877292633057e-01,-5.231116712093353271e-02,-9.038659930229187012e-02,6.769847124814987183e-02,2.293187007308006287e-02,4.014478325843811035e-01,-5.262249112129211426e-01,1.031347513198852539e+00,2.923337817192077637e-01,-4.636629484593868256e-03,9.524376690387725830e-02,-6.579600572586059570e-01,-1.221763491630554199e+00,-9.396499395370483398e-02,4.617154598236083984e-01,-3.743487298488616943e-01,1.828452013432979584e-02,-6.876863241195678711e-01
8.131396025419235229e-03,4.726557526737451553e-03,7.778791189193725586e-01,9.976056814193725586e-01,1.562008541077375412e-02,-7.190231233835220337e-03,6.698731333017349243e-02,7.176524400711059570e-02,1.245269104838371277e-01,2.760224938392639160e-01,1.197962164878845215e-01,-1.500666439533233643e-01,-1.450011134147644043e-01,1.522485911846160889e-01,-2.346927821636199951e-01,-4.951610267162322998e-01,1.235496625304222107e-01,-1.851358562707901001e-01,1.901063472032546997e-01,-4.790669679641723633e-02,-9.753818064928054810e-02,6.398437917232513428e-02,3.558877110481262207e-02,4.075907766819000244e-01,-5.034484267234802246e-01,1.035917520523071289e+00,2.893680036067962646e-01,-1.738695893436670303e-03,9.305243194103240967e-02,-7.492097020149230957e-01,-1.323148608207702637e+00,-6.647996604442596436e-02,4.608827829360961914e-01,-4.432844519615173340e-01,2.275909110903739929e-02,-7.902316451072692871e-01
9.918054565787315369e-03,4.357667174190282822e-03,7.779817581176757812e-01,9.967097043991088867e-01,1.657011173665523529e-02,-7.041793782263994217e-03,7.902915030717849731e-02,6.716988980770111084e-02,1.194127947092056274e-01,2.530897855758666992e-01,1.184610500931739807e-01,-1.461257934570312500e-01,-1.444256752729415894e-01,1.661574840545654297e-01,-2.362802624702453613e-01,-5.205242633819580078e-01,1.199400424957275391e-01,-1.853422373533248901e-01,1.909921616315841675e-01,-4.183721169829368591e-02,-1.063714921474456787e-01,5.962567403912544250e-02,5.101030692458152771e-02,4.149325489997863770e-01,-4.739807546138763428e-01,1.039630413055419922e+00,2.767632901668548584e-01,-1.073598628863692284e-03,9.015740454196929932e-02,-8.577075600624084473e-01,-1.410309076309204102e+00,-1.437748782336711884e-02,4.725176692008972168e-01,-4.817160069942474365e-01,3.273132443428039551e-02,-8.669870495796203613e-01
1.180859934538602829e-02,3.810199443250894547e-03,7.779901623725891113e-01,9.957256317138671875e-01,1.741960644721984863e-02,-7.540830876678228378e-03,9.038861095905303955e-02,6.483044475317001343e-02,1.155765131115913391e-01,2.311411648988723755e-01,1.171980202198028564e-01,-1.431725025177001953e-01,-1.442040801048278809e-01,1.801340430974960327e-01,-2.367009371519088745e-01,-5.438479781150817871e-01,1.177849397063255310e-01,-1.872613579034805298e-01,1.910981088876724243e-01,-3.401749581098556519e-02,-1.164354756474494934e-01,5.557843297719955444e-02,6.823660433292388916e-02,4.230229556560516357e-01,-4.417943358421325684e-01,1.043112516403198242e+00,2.560372352600097656e-01,-1.194249023683369160e-03,8.733621984720230103e-02,-9.742320775985717773e-01,-1.476403832435607910e+00,6.760400533676147461e-02,4.873709976673126221e-01,-4.965758919715881348e-01,4.881697148084640503e-02,-9.176918268203735352e-01
1.370583567768335342e-02,3.117269603535532951e-03,7.778394222259521484e-01,9.946821331977844238e-01,1.824047788977622986e-02,-8.842214010655879974e-03,1.009776666760444641e-01,6.506650894880294800e-02,1.126840040087699890e-01,2.101441621780395508e-01,1.159442141652107239e-01,-1.417593210935592651e-01,-1.446340829133987427e-01,1.945772618055343628e-01,-2.360078543424606323e-01,-5.648602247238159180e-01,1.167405918240547180e-01,-1.907013505697250366e-01,1.914180070161819458e-01,-2.529730275273323059e-02,-1.281186789274215698e-01,5.261288955807685852e-02,8.615080267190933228e-02,4.312631487846374512e-01,-4.111525714397430420e-01,1.051882147789001465e+00,2.374060004949569702e-01,7.964560645632445812e-04,8.662077784538269043e-02,-1.087661862373352051e+00,-1.520072817802429199e+00,1.783202886581420898e-01,4.965780079364776611e-01,-5.055197477340698242e-01,6.592980027198791504e-02,-9.460488557815551758e-01
1.569221727550029755e-02,2.239914378151297569e-03,7.775794267654418945e-01,9.935597181320190430e-01,1.917843706905841827e-02,-1.073622610419988632e-02,1.111575290560722351e-01,6.785237044095993042e-02,1.100351661443710327e-01,1.898490488529205322e-01,1.145448759198188782e-01,-1.410978883504867554e-01,-1.459269821643829346e-01,2.095323503017425537e-01,-2.347948849201202393e-01,-5.848464965820312500e-01,1.161030456423759460e-01,-1.943395882844924927e-01,1.922085136175155640e-01,-1.775282621383666992e-02,-1.415922194719314575e-01,4.975740239024162292e-02,1.050782576203346252e-01,4.388372898101806641e-01,-3.829741775989532471e-01,1.071369290351867676e+00,2.241925746202468872e-01,7.579091936349868774e-03,8.949077874422073364e-02,-1.191208839416503906e+00,-1.543986558914184570e+00,3.129434287548065186e-01,4.906590580940246582e-01,-5.230620503425598145e-01,7.186415791511535645e-02,-9.613155722618103027e-01
1.763849705457687378e-02,1.236241078004240990e-03,7.773067355155944824e-01,9.923481941223144531e-01,2.032438851892948151e-02,-1.267019007354974747e-02,1.211256310343742371e-01,7.149126380681991577e-02,1.070968210697174072e-01,1.702370643615722656e-01,1.134022027254104614e-01,-1.400161236524581909e-01,-1.473202556371688843e-01,2.237627804279327393e-01,-2.342271804809570312e-01,-6.045423150062561035e-01,1.160749867558479309e-01,-1.978975683450698853e-01,1.935445517301559448e-01,-1.205958053469657898e-02,-1.546034812927246094e-01,4.600393772125244141e-02,1.224380433559417725e-01,4.446616172790527344e-01,-3.596275448799133301e-01,1.099630236625671387e+00,2.167430222034454346e-01,1.987172663211822510e-02,9.387422353029251099e-02,-1.286204457283020020e+00,-1.555143117904663086e+00,4.623903632164001465e-01,4.663007557392120361e-01,-5.509794354438781738e-01,6.021434068679809570e-02,-9.765446186065673828e-01
1.923088915646076202e-02,1.880173222161829472e-04,7.770713567733764648e-01,9.910358786582946777e-01,2.147547900676727295e-02,-1.401895005255937576e-02,1.311113387346267700e-01,7.239086180925369263e-02,1.039921939373016357e-01,1.513621360063552856e-01,1.131196171045303345e-01,-1.387879699468612671e-01,-1.486304253339767456e-01,2.356336712837219238e-01,-2.340517044067382812e-01,-6.238160133361816406e-01,1.164844185113906860e-01,-2.015367597341537476e-01,1.953123360872268677e-01,-7.647933438420295715e-03,-1.642446368932723999e-01,4.159880429506301880e-02,1.359214186668395996e-01,4.490700960159301758e-01,-3.461510837078094482e-01,1.126977086067199707e+00,2.158101201057434082e-01,3.252706304192543030e-02,9.675363451242446899e-02,-1.372791051864624023e+00,-1.558402776718139648e+00,6.031506657600402832e-01,4.288246929645538330e-01,-5.783617496490478516e-01,3.736938163638114929e-02,-9.947128295898437500e-01
2.044003643095493317e-02,-8.339508203789591789e-04,7.768627405166625977e-01,9.895355701446533203e-01,2.260010689496994019e-02,-1.474658772349357605e-02,1.417432576417922974e-01,6.964577734470367432e-02,1.004384085536003113e-01,1.312274336814880371e-01,1.136794984340667725e-01,-1.375811249017715454e-01,-1.501441895961761475e-01,2.463565468788146973e-01,-2.335807085037231445e-01,-6.440355181694030762e-01,1.165129244327545166e-01,-2.053917348384857178e-01,1.980466395616531372e-01,-4.297120030969381332e-03,-1.704976409673690796e-01,3.718496486544609070e-02,1.457262784242630005e-01,4.523155391216278076e-01,-3.421290218830108643e-01,1.148734450340270996e+00,2.190017998218536377e-01,4.297579079866409302e-02,9.883651137351989746e-02,-1.450792551040649414e+00,-1.556513309478759766e+00,7.292137742042541504e-01,3.845100700855255127e-01,-6.042007207870483398e-01,8.977213874459266663e-03,-1.010023713111877441e+00
2.146887965500354767e-02,-1.751808915287256241e-03,7.766143679618835449e-01,9.876962900161743164e-01,2.378587424755096436e-02,-1.491042040288448334e-02,1.538440436124801636e-01,6.314475834369659424e-02,9.563539922237396240e-02,1.073119267821311951e-01,1.143989935517311096e-01,-1.354934871196746826e-01,-1.517034471035003662e-01,2.573346793651580811e-01,-2.327699065208435059e-01,-6.682064533233642578e-01,1.162563636898994446e-01,-2.099270075559616089e-01,2.018969058990478516e-01,-3.709213109686970711e-03,-1.747124344110488892e-01,3.246364742517471313e-02,1.526462584733963013e-01,4.536280930042266846e-01,-3.446130752563476562e-01,1.164144515991210938e+00,2.277198880910873413e-01,5.137010663747787476e-02,1.033517345786094666e-01,-1.528543472290039062e+00,-1.553437113761901855e+00,8.567641973495483398e-01,3.393441438674926758e-01,-6.463361382484436035e-01,-2.818815037608146667e-02,-1.026411533355712891e+00
2.241403423249721527e-02,-2.598027931526303291e-03,7.762952446937561035e-01,9.854148030281066895e-01,2.513967454433441162e-02,-1.444074977189302444e-02,1.676818132400512695e-01,5.366679280996322632e-02,8.926862478256225586e-02,7.983571290969848633e-02,1.146986037492752075e-01,-1.313341408967971802e-01,-1.536322534084320068e-01,2.688922584056854248e-01,-2.314859777688980103e-01,-6.960881948471069336e-01,1.156065762042999268e-01,-2.157500386238098145e-01,2.061021924018859863e-01,-6.434013135731220245e-03,-1.784659028053283691e-01,2.848942205309867859e-02,1.570873856544494629e-01,4.531264901161193848e-01,-3.494704365730285645e-01,1.170045495033264160e+00,2.408960759639739990e-01,5.662036314606666565e-02,1.107447817921638489e-01,-1.601647377014160156e+00,-1.551493883132934570e+00,9.761335849761962891e-01,3.051268756389617920e-01,-7.073372006416320801e-01,-7.522911578416824341e-02,-1.051938652992248535e+00
2.314408868551254272e-02,-3.743332577869296074e-03,7.760281562805175781e-01,9.828521609306335449e-01,2.640390023589134216e-02,-1.367218699306249619e-02,1.819822490215301514e-01,4.345666617155075073e-02,8.324611932039260864e-02,5.237282067537307739e-02,1.148811727762222290e-01,-1.254806220531463623e-01,-1.570989638566970825e-01,2.801602780818939209e-01,-2.292865663766860962e-01,-7.241944074630737305e-01,1.151332631707191467e-01,-2.209547758102416992e-01,2.097967267036437988e-01,-6.314126774668693542e-03,-1.823975145816802979e-01,2.770710550248622894e-02,1.582684069871902466e-01,4.500389993190765381e-01,-3.533687889575958252e-01,1.164528012275695801e+00,2.495008558034896851e-01,5.836635455489158630e-02,1.155543476343154907e-01,-1.632530212402343750e+00,-1.555392622947692871e+00,1.015495419502258301e+00,3.035983443260192871e-01,-7.416504621505737305e-01,-1.078044474124908447e-01,-1.083628416061401367e+00
2.339481934905052185e-02,-5.414853803813457489e-03,7.757229804992675781e-01,9.804512262344360352e-01,2.774404361844062805e-02,-1.300397515296936035e-02,1.943617910146713257e-01,3.462075069546699524e-02,7.787405699491500854e-02,2.992633171379566193e-02,1.162844896316528320e-01,-1.207759752869606018e-01,-1.609372198581695557e-01,2.897287011146545410e-01,-2.269535213708877563e-01,-7.473043203353881836e-01,1.165938377380371094e-01,-2.255056500434875488e-01,2.110473811626434326e-01,2.698572352528572083e-03,-1.871774792671203613e-01,3.271588310599327087e-02,1.505248099565505981e-01,4.406223595142364502e-01,-3.596226274967193604e-01,1.150350928306579590e+00,2.504132390022277832e-01,5.636862665414810181e-02,1.139766946434974670e-01,-1.595937252044677734e+00,-1.566786408424377441e+00,9.307647347450256348e-01,3.634697198867797852e-01,-7.077114582061767578e-01,-1.242448538541793823e-01,-1.122786641120910645e+00
2.334767952561378479e-02,-7.173452060669660568e-03,7.756405472755432129e-01,9.790043830871582031e-01,2.872639521956443787e-02,-1.294280961155891418e-02,2.013894915580749512e-01,3.015872836112976074e-02,7.590995728969573975e-02,2.088418416678905487e-02,1.181665584444999695e-01,-1.195322573184967041e-01,-1.618412882089614868e-01,2.958835363388061523e-01,-2.253815978765487671e-01,-7.583900690078735352e-01,1.182230189442634583e-01,-2.285153567790985107e-01,2.076260447502136230e-01,2.161385677754878998e-02,-1.879981905221939087e-01,4.469482600688934326e-02,1.338631510734558105e-01,4.237637519836425781e-01,-3.741598129272460938e-01,1.137348175048828125e+00,2.405369877815246582e-01,5.007681995630264282e-02,1.025276556611061096e-01,-1.563691973686218262e+00,-1.565012693405151367e+00,7.770294547080993652e-01,4.846964478492736816e-01,-5.036903619766235352e-01,-1.175406202673912048e-01,-1.085875988006591797e+00
2.321799099445343018e-02,-8.342680521309375763e-03,7.754941582679748535e-01,9.789054393768310547e-01,2.888695150613784790e-02,-1.288129761815071106e-02,2.018504589796066284e-01,2.969966456294059753e-02,7.820016145706176758e-02,2.375963889062404633e-02,1.194891408085823059e-01,-1.194850951433181763e-01,-1.600855737924575806e-01,2.975374460220336914e-01,-2.231722176074981689e-01,-7.575869560241699219e-01,1.136104241013526917e-01,-2.273969501256942749e-01,2.055376768112182617e-01,4.702494293451309204e-02,-1.802336871623992920e-01,5.935052037239074707e-02,1.077183410525321960e-01,4.029638767242431641e-01,-4.008956551551818848e-01,1.141419529914855957e+00,2.355373799800872803e-01,4.143220931291580200e-02,8.727054297924041748e-02,-1.653453707695007324e+00,-1.541192054748535156e+00,6.998472213745117188e-01,6.343091726303100586e-01,-7.697062194347381592e-02,-4.572709277272224426e-02,-8.608090281486511230e-01
2.242845855653285980e-02,-8.616102859377861023e-03,7.756407856941223145e-01,9.793276190757751465e-01,2.869268506765365601e-02,-1.369171030819416046e-02,1.997666656970977783e-01,3.080944530665874481e-02,7.900781184434890747e-02,2.352396026253700256e-02,1.213542297482490540e-01,-1.228888332843780518e-01,-1.525224745273590088e-01,2.994174957275390625e-01,-2.209852039813995361e-01,-7.567256093025207520e-01,1.088047996163368225e-01,-2.249525785446166992e-01,2.070433348417282104e-01,6.333839148283004761e-02,-1.724806725978851318e-01,6.942396610975265503e-02,9.094318002462387085e-02,3.771653771400451660e-01,-4.093371927738189697e-01,1.152148723602294922e+00,2.387648522853851318e-01,2.865110523998737335e-02,6.424104422330856323e-02,-1.779624819755554199e+00,-1.506690144538879395e+00,7.574576735496520996e-01,7.985291481018066406e-01,3.014557957649230957e-01,2.726681344211101532e-02,-6.600567698478698730e-01
2.190310135483741760e-02,-8.282255381345748901e-03,7.760199904441833496e-01,9.793310165405273438e-01,2.911375649273395538e-02,-1.490725670009851456e-02,1.996018588542938232e-01,3.320850804448127747e-02,7.717908918857574463e-02,2.212268114089965820e-02,1.211730614304542542e-01,-1.240767538547515869e-01,-1.466818898916244507e-01,3.023900389671325684e-01,-2.215210646390914917e-01,-7.570542693138122559e-01,1.062543764710426331e-01,-2.223916351795196533e-01,2.124971002340316772e-01,6.345443427562713623e-02,-1.712466776371002197e-01,7.209818810224533081e-02,9.615228325128555298e-02,3.572615981101989746e-01,-4.037124216556549072e-01,1.153961658477783203e+00,2.378080338239669800e-01,2.265742048621177673e-02,6.034621223807334900e-02,-1.820818543434143066e+00,-1.482653498649597168e+00,8.667055964469909668e-01,8.852493166923522949e-01,4.205903410911560059e-01,5.032007023692131042e-02,-5.887899398803710938e-01
2.181688323616981506e-02,-7.418139837682247162e-03,7.764177918434143066e-01,9.796291589736938477e-01,2.968285419046878815e-02,-1.634289696812629700e-02,1.979356408119201660e-01,3.965811431407928467e-02,7.634354382753372192e-02,2.686423063278198242e-02,1.203294694423675537e-01,-1.243642717599868774e-01,-1.436151862144470215e-01,3.045181930065155029e-01,-2.247436046600341797e-01,-7.558420300483703613e-01,1.062297970056533813e-01,-2.189803868532180786e-01,2.171972244977951050e-01,5.791649594902992249e-02,-1.704409420490264893e-01,7.211870700120925903e-02,1.092529371380805969e-01,3.461703658103942871e-01,-3.983212411403656006e-01,1.146712779998779297e+00,2.334648817777633667e-01,2.298492193222045898e-02,7.124994695186614990e-02,-1.831241846084594727e+00,-1.465168952941894531e+00,1.002797842025756836e+00,8.848533630371093750e-01,3.948476016521453857e-01,5.129363760352134705e-02,-5.684892535209655762e-01
2.173338457942008972e-02,-6.333794444799423218e-03,7.764847278594970703e-01,9.802898764610290527e-01,3.008541464805603027e-02,-1.691319607198238373e-02,1.945268064737319946e-01,4.536362737417221069e-02,7.643403112888336182e-02,3.693643584847450256e-02,1.186382323503494263e-01,-1.237935423851013184e-01,-1.430355757474899292e-01,3.034363389015197754e-01,-2.285150736570358276e-01,-7.513451576232910156e-01,1.074070930480957031e-01,-2.174685448408126831e-01,2.197952270507812500e-01,5.201180651783943176e-02,-1.686271131038665771e-01,7.089602202177047729e-02,1.156845241785049438e-01,3.456520736217498779e-01,-3.981389403343200684e-01,1.139867305755615234e+00,2.266985028982162476e-01,2.849505282938480377e-02,8.811014145612716675e-02,-1.839244127273559570e+00,-1.456016778945922852e+00,1.127332210540771484e+00,8.104736208915710449e-01,2.636651396751403809e-01,2.258365042507648468e-02,-5.869115591049194336e-01
2.137836068868637085e-02,-5.328280385583639145e-03,7.764495611190795898e-01,9.810732007026672363e-01,2.994090504944324493e-02,-1.674170978367328644e-02,1.905746608972549438e-01,4.780892655253410339e-02,7.712622731924057007e-02,4.686499759554862976e-02,1.170154213905334473e-01,-1.228801012039184570e-01,-1.447154432535171509e-01,2.994922101497650146e-01,-2.308462709188461304e-01,-7.444802522659301758e-01,1.079560443758964539e-01,-2.161873877048492432e-01,2.212744206190109253e-01,4.340786114335060120e-02,-1.666966229677200317e-01,6.868685036897659302e-02,1.171989366412162781e-01,3.528447449207305908e-01,-3.999818265438079834e-01,1.131668448448181152e+00,2.264999002218246460e-01,3.443250432610511780e-02,1.052671596407890320e-01,-1.860824823379516602e+00,-1.453750610351562500e+00,1.245236992835998535e+00,6.977679729461669922e-01,4.841775074601173401e-02,-3.343072161078453064e-02,-6.425824761390686035e-01
2.084293030202388763e-02,-4.501668270677328110e-03,7.765086293220520020e-01,9.819244742393493652e-01,2.945805713534355164e-02,-1.593420840799808502e-02,1.862862110137939453e-01,4.768296703696250916e-02,7.750265300273895264e-02,5.507668480277061462e-02,1.154399514198303223e-01,-1.215364933013916016e-01,-1.469100117683410645e-01,2.928910255432128906e-01,-2.323403507471084595e-01,-7.364773154258728027e-01,1.077993586659431458e-01,-2.136645615100860596e-01,2.223490625619888306e-01,3.140321373939514160e-02,-1.647617965936660767e-01,6.704711914062500000e-02,1.173107177019119263e-01,3.636998832225799561e-01,-4.014901518821716309e-01,1.119901895523071289e+00,2.356471568346023560e-01,4.033930227160453796e-02,1.206995844841003418e-01,-1.900977015495300293e+00,-1.451936364173889160e+00,1.363198876380920410e+00,5.739574432373046875e-01,-1.949778944253921509e-01,-9.448978304862976074e-02,-7.534194588661193848e-01
2.033230476081371307e-02,-3.727201139554381371e-03,7.765808701515197754e-01,9.827779531478881836e-01,2.896475605666637421e-02,-1.496125943958759308e-02,1.818918287754058838e-01,4.700107872486114502e-02,7.692737132310867310e-02,6.140989810228347778e-02,1.138002201914787292e-01,-1.198555827140808105e-01,-1.492924094200134277e-01,2.861115038394927979e-01,-2.338833659887313843e-01,-7.285884022712707520e-01,1.078426763415336609e-01,-2.119492739439010620e-01,2.228898406028747559e-01,1.576978527009487152e-02,-1.627118587493896484e-01,6.709980219602584839e-02,1.187685132026672363e-01,3.778151571750640869e-01,-4.013184607028961182e-01,1.102157592773437500e+00,2.510225176811218262e-01,4.845144599676132202e-02,1.322729289531707764e-01,-1.955480456352233887e+00,-1.446401953697204590e+00,1.474736213684082031e+00,4.643258452415466309e-01,-4.854576289653778076e-01,-1.323477625846862793e-01,-9.195632934570312500e-01
1.959475502371788025e-02,-3.152557415887713432e-03,7.766164541244506836e-01,9.838225245475769043e-01,2.818156965076923370e-02,-1.401859801262617111e-02,1.763589829206466675e-01,4.655124619603157043e-02,7.800378650426864624e-02,7.030507922172546387e-02,1.129012256860733032e-01,-1.189835891127586365e-01,-1.514818519353866577e-01,2.784379124641418457e-01,-2.352355718612670898e-01,-7.166952490806579590e-01,1.094496771693229675e-01,-2.110021710395812988e-01,2.222862541675567627e-01,4.052888136357069016e-03,-1.595578640699386597e-01,6.832152605056762695e-02,1.199910119175910950e-01,3.944281339645385742e-01,-4.012245535850524902e-01,1.083055138587951660e+00,2.603985369205474854e-01,5.471638962626457214e-02,1.372072994709014893e-01,-1.991474270820617676e+00,-1.441779375076293945e+00,1.531585574150085449e+00,3.904769420623779297e-01,-6.497747302055358887e-01,-1.371838152408599854e-01,-9.972975850105285645e-01
1.849199086427688599e-02,-2.780918264761567116e-03,7.767367959022521973e-01,9.849784374237060547e-01,2.712135761976242065e-02,-1.305897906422615051e-02,1.700334101915359497e-01,4.617136344313621521e-02,8.038209378719329834e-02,8.075418323278427124e-02,1.131997257471084595e-01,-1.187467724084854126e-01,-1.530496925115585327e-01,2.695250511169433594e-01,-2.360415756702423096e-01,-7.024592161178588867e-01,1.119292303919792175e-01,-2.092024981975555420e-01,2.202550917863845825e-01,-2.685203216969966888e-03,-1.560761928558349609e-01,7.119853794574737549e-02,1.204116642475128174e-01,4.107144773006439209e-01,-4.001615345478057861e-01,1.064520120620727539e+00,2.661466002464294434e-01,5.626063421368598938e-02,1.381753832101821899e-01,-1.999795675277709961e+00,-1.444363713264465332e+00,1.542579770088195801e+00,3.653630018234252930e-01,-7.252497673034667969e-01,-1.276730597019195557e-01,-1.033134102821350098e+00
1.712792366743087769e-02,-2.547164214774966240e-03,7.769446969032287598e-01,9.861620068550109863e-01,2.604588307440280914e-02,-1.234010327607393265e-02,1.632599830627441406e-01,4.645321518182754517e-02,8.320924639701843262e-02,9.245346486568450928e-02,1.138191074132919312e-01,-1.186368614435195923e-01,-1.537448465824127197e-01,2.603160142898559570e-01,-2.366166263818740845e-01,-6.863200068473815918e-01,1.150219589471817017e-01,-2.068848758935928345e-01,2.169863283634185791e-01,-5.629295948892831802e-03,-1.526603102684020996e-01,7.690786570310592651e-02,1.181145012378692627e-01,4.248864650726318359e-01,-3.979324102401733398e-01,1.047381997108459473e+00,2.720552980899810791e-01,5.533351376652717590e-02,1.366090029478073120e-01,-1.989703297615051270e+00,-1.450670838356018066e+00,1.524880409240722656e+00,3.979909718036651611e-01,-7.588616609573364258e-01,-1.062972918152809143e-01,-1.062871098518371582e+00
1.565414480865001678e-02,-2.320603234693408012e-03,7.772354483604431152e-01,9.874014258384704590e-01,2.497793361544609070e-02,-1.200952939689159393e-02,1.557891070842742920e-01,4.763382300734519958e-02,8.659215271472930908e-02,1.063702628016471863e-01,1.140699163079261780e-01,-1.187317445874214172e-01,-1.529862731695175171e-01,2.511213421821594238e-01,-2.369066625833511353e-01,-6.683665513992309570e-01,1.172065064311027527e-01,-2.032927870750427246e-01,2.135822027921676636e-01,-5.234288517385721207e-03,-1.486632823944091797e-01,8.456937968730926514e-02,1.128564029932022095e-01,4.350471794605255127e-01,-3.949573934078216553e-01,1.031552910804748535e+00,2.764978110790252686e-01,5.288470908999443054e-02,1.355338841676712036e-01,-1.973610639572143555e+00,-1.454235553741455078e+00,1.492793202400207520e+00,4.767340719699859619e-01,-7.600174546241760254e-01,-7.197002321481704712e-02,-1.071649312973022461e+00
1.403579022735357285e-02,-1.912068692035973072e-03,7.775684595108032227e-01,9.887045025825500488e-01,2.378140948712825775e-02,-1.190744992345571518e-02,1.474993973970413208e-01,4.927834868431091309e-02,9.051374346017837524e-02,1.217393279075622559e-01,1.143135055899620056e-01,-1.194509416818618774e-01,-1.508410274982452393e-01,2.415063381195068359e-01,-2.366057038307189941e-01,-6.486122608184814453e-01,1.179067045450210571e-01,-1.981884092092514038e-01,2.100128531455993652e-01,-2.001641085371375084e-03,-1.427859514951705933e-01,9.288378059864044189e-02,1.063933596014976501e-01,4.404036998748779297e-01,-3.914888203144073486e-01,1.012739896774291992e+00,2.788608372211456299e-01,4.913561418652534485e-02,1.358965188264846802e-01,-1.959629058837890625e+00,-1.452499389648437500e+00,1.457608342170715332e+00,5.700868964195251465e-01,-7.428821325302124023e-01,-2.813006751239299774e-02,-1.037974596023559570e+00
1.219342183321714401e-02,-1.289022620767354965e-03,7.779002785682678223e-01,9.900252819061279297e-01,2.239988557994365692e-02,-1.172209065407514572e-02,1.386026889085769653e-01,5.050244182348251343e-02,9.470073133707046509e-02,1.374584138393402100e-01,1.146084591746330261e-01,-1.216990947723388672e-01,-1.478829085826873779e-01,2.306770980358123779e-01,-2.357720285654067993e-01,-6.292009949684143066e-01,1.180020123720169067e-01,-1.928124427795410156e-01,2.066716402769088745e-01,2.862937282770872116e-03,-1.348369866609573364e-01,1.007243692874908447e-01,9.974505007266998291e-02,4.417086839675903320e-01,-3.894760608673095703e-01,9.889442920684814453e-01,2.830595970153808594e-01,4.285416379570960999e-02,1.370557099580764771e-01,-1.946177840232849121e+00,-1.448114633560180664e+00,1.420630931854248047e+00,6.481710672378540039e-01,-7.239494919776916504e-01,1.356917899101972580e-02,-9.704352617263793945e-01
1.031625177711248398e-02,-5.947411991655826569e-04,7.781818509101867676e-01,9.912413358688354492e-01,2.100908011198043823e-02,-1.132320798933506012e-02,1.298883855342864990e-01,5.144065245985984802e-02,9.872297197580337524e-02,1.530323475599288940e-01,1.145517528057098389e-01,-1.245250552892684937e-01,-1.450788974761962891e-01,2.187094241380691528e-01,-2.350829094648361206e-01,-6.112166047096252441e-01,1.181333288550376892e-01,-1.879813969135284424e-01,2.040950506925582886e-01,7.370971143245697021e-03,-1.262118220329284668e-01,1.078321859240531921e-01,9.384637326002120972e-02,4.410522580146789551e-01,-3.901892900466918945e-01,9.620402455329895020e-01,2.894907593727111816e-01,3.432040289044380188e-02,1.396861523389816284e-01,-1.928013801574707031e+00,-1.444854855537414551e+00,1.384497404098510742e+00,7.009984254837036133e-01,-7.147290706634521484e-01,4.307811707258224487e-02,-9.002622365951538086e-01
8.442582562565803528e-03,8.516956586390733719e-05,7.784120440483093262e-01,9.923747777938842773e-01,1.964557915925979614e-02,-1.054757833480834961e-02,1.212230846285820007e-01,5.209838226437568665e-02,1.027251631021499634e-01,1.690666824579238892e-01,1.142953485250473022e-01,-1.269690245389938354e-01,-1.427287161350250244e-01,2.055342495441436768e-01,-2.347432821989059448e-01,-5.936204791069030762e-01,1.185723617672920227e-01,-1.835334002971649170e-01,2.019184678792953491e-01,1.165353134274482727e-02,-1.175520122051239014e-01,1.139507144689559937e-01,8.816161006689071655e-02,4.387203752994537354e-01,-3.928191363811492920e-01,9.369950294494628906e-01,2.945302128791809082e-01,2.580040507018566132e-02,1.432697772979736328e-01,-1.896385908126831055e+00,-1.445070862770080566e+00,1.343165040016174316e+00,7.357596755027770996e-01,-7.048591375350952148e-01,6.639655679464340210e-02,-8.296866416931152344e-01
6.524758879095315933e-03,7.234535878524184227e-04,7.786194682121276855e-01,9.934658408164978027e-01,1.825202070176601410e-02,-9.346469305455684662e-03,1.122720763087272644e-01,5.200002714991569519e-02,1.071782782673835754e-01,1.859389394521713257e-01,1.141634508967399597e-01,-1.293469071388244629e-01,-1.406781673431396484e-01,1.913019716739654541e-01,-2.343899458646774292e-01,-5.752586126327514648e-01,1.192145720124244690e-01,-1.793200522661209106e-01,1.997782289981842041e-01,1.645597629249095917e-02,-1.087641194462776184e-01,1.190356910228729248e-01,8.164702355861663818e-02,4.339333474636077881e-01,-3.993489742279052734e-01,9.192419052124023438e-01,2.960605025291442871e-01,1.756757684051990509e-02,1.453439742326736450e-01,-1.839301943778991699e+00,-1.448078393936157227e+00,1.281089663505554199e+00,7.555202245712280273e-01,-6.810085773468017578e-01,9.498982876539230347e-02,-7.343209385871887207e-01
4.556468222290277481e-03,1.254101167432963848e-03,7.788136601448059082e-01,9.945203065872192383e-01,1.673599146306514740e-02,-7.704078685492277145e-03,1.029070541262626648e-01,5.090678110718727112e-02,1.125422641634941101e-01,2.041400521993637085e-01,1.140565946698188782e-01,-1.322306096553802490e-01,-1.389839947223663330e-01,1.763520687818527222e-01,-2.334524989128112793e-01,-5.561629533767700195e-01,1.198251396417617798e-01,-1.758999526500701904e-01,1.978091150522232056e-01,2.176329866051673889e-02,-1.005257144570350647e-01,1.223828718066215515e-01,7.374674826860427856e-02,4.267046749591827393e-01,-4.123612046241760254e-01,9.159954786300659180e-01,2.959382236003875732e-01,8.375086821615695953e-03,1.448131799697875977e-01,-1.745516896247863770e+00,-1.454641342163085938e+00,1.185159683227539062e+00,7.528213858604431152e-01,-6.384938955307006836e-01,1.328854411840438843e-01,-5.985114574432373047e-01
2.787839155644178391e-03,1.639040419831871986e-03,7.789443731307983398e-01,9.954224228858947754e-01,1.529774256050586700e-02,-5.694155581295490265e-03,9.416876733303070068e-02,4.916137456893920898e-02,1.176783889532089233e-01,2.213923037052154541e-01,1.138703525066375732e-01,-1.355555504560470581e-01,-1.379508823156356812e-01,1.619804948568344116e-01,-2.320326268672943115e-01,-5.382564067840576172e-01,1.201143935322761536e-01,-1.734357178211212158e-01,1.971096396446228027e-01,2.676065638661384583e-02,-9.470873326063156128e-02,1.229651719331741333e-01,6.321596354246139526e-02,4.175255298614501953e-01,-4.322396516799926758e-01,9.332292675971984863e-01,3.005953729152679443e-01,1.587171573191881180e-03,1.429562568664550781e-01,-1.601046919822692871e+00,-1.468563199043273926e+00,1.063883543014526367e+00,7.171424031257629395e-01,-6.071544289588928223e-01,1.643182337284088135e-01,-4.586760401725769043e-01
1.501105609349906445e-03,1.734716584905982018e-03,7.789607644081115723e-01,9.960991144180297852e-01,1.410757564008235931e-02,-3.893239889293909073e-03,8.701959997415542603e-02,4.779683426022529602e-02,1.217353269457817078e-01,2.348613739013671875e-01,1.135012730956077576e-01,-1.396647095680236816e-01,-1.384900659322738647e-01,1.504487395286560059e-01,-2.303243875503540039e-01,-5.243638157844543457e-01,1.190827339887619019e-01,-1.716477423906326294e-01,1.976899504661560059e-01,3.199285641312599182e-02,-9.269089996814727783e-02,1.216700151562690735e-01,5.051356554031372070e-02,4.066306352615356445e-01,-4.568635821342468262e-01,9.700163006782531738e-01,3.146324455738067627e-01,8.973950170911848545e-04,1.400759071111679077e-01,-1.383252143859863281e+00,-1.495530486106872559e+00,9.213859438896179199e-01,6.365996599197387695e-01,-6.287926435470581055e-01,1.667382270097732544e-01,-3.415844142436981201e-01
7.803832413628697395e-04,1.372045022435486317e-03,7.787337303161621094e-01,9.966152906417846680e-01,1.330970786511898041e-02,-2.710519125685095787e-03,8.107744902372360229e-02,4.670813679695129395e-02,1.249994412064552307e-01,2.441895157098770142e-01,1.144577264785766602e-01,-1.448853462934494019e-01,-1.400448381900787354e-01,1.417463123798370361e-01,-2.292059361934661865e-01,-5.141201019287109375e-01,1.190407276153564453e-01,-1.725451797246932983e-01,1.982669085264205933e-01,3.776893392205238342e-02,-9.295824170112609863e-02,1.214890927076339722e-01,3.769125789403915405e-02,3.939228057861328125e-01,-4.841480851173400879e-01,1.018915653228759766e+00,3.330408930778503418e-01,8.176787756383419037e-03,1.341167390346527100e-01,-1.082562565803527832e+00,-1.521232247352600098e+00,7.457013130187988281e-01,5.110387802124023438e-01,-7.107934951782226562e-01,1.229465827345848083e-01,-2.498624175786972046e-01
6.041501765139400959e-04,6.411182694137096405e-04,7.784082889556884766e-01,9.970974922180175781e-01,1.282427180558443069e-02,-2.036552177742123604e-03,7.501957565546035767e-02,4.658157005906105042e-02,1.284347027540206909e-01,2.545055150985717773e-01,1.168011128902435303e-01,-1.481295078992843628e-01,-1.414255350828170776e-01,1.335095763206481934e-01,-2.284428328275680542e-01,-5.035908818244934082e-01,1.221322566270828247e-01,-1.761155426502227783e-01,1.975107640027999878e-01,4.289473220705986023e-02,-9.204424172639846802e-02,1.240771114826202393e-01,2.656813338398933411e-02,3.783186972141265869e-01,-5.113221406936645508e-01,1.064246177673339844e+00,3.443737030029296875e-01,1.972345821559429169e-02,1.230557784438133240e-01,-7.524520158767700195e-01,-1.509792685508728027e+00,5.678158402442932129e-01,3.544906377792358398e-01,-7.958458065986633301e-01,4.495370388031005859e-02,-1.883089542388916016e-01
7.640829426236450672e-04,-2.530484925955533981e-04,7.782202363014221191e-01,9.976117014884948730e-01,1.230079866945743561e-02,-1.597543712705373764e-03,6.794903427362442017e-02,4.806171730160713196e-02,1.330453008413314819e-01,2.696976363658905029e-01,1.199992597103118896e-01,-1.494721472263336182e-01,-1.431509703397750854e-01,1.235190033912658691e-01,-2.273568063974380493e-01,-4.896724224090576172e-01,1.282473206520080566e-01,-1.792210787534713745e-01,1.948026567697525024e-01,4.424287006258964539e-02,-8.746626228094100952e-02,1.271189302206039429e-01,2.224292792379856110e-02,3.617559373378753662e-01,-5.300858020782470703e-01,1.090114355087280273e+00,3.419514298439025879e-01,2.736311964690685272e-02,1.086791902780532837e-01,-4.851545989513397217e-01,-1.426736235618591309e+00,4.497494697570800781e-01,1.985982507467269897e-01,-8.215577602386474609e-01,-3.510224446654319763e-02,-1.485317647457122803e-01
1.119920518249273300e-03,-1.067496836185455322e-03,7.781423330307006836e-01,9.980821609497070312e-01,1.167978160083293915e-02,-1.236034440807998180e-03,6.077869236469268799e-02,5.041365697979927063e-02,1.378827691078186035e-01,2.860912084579467773e-01,1.218768656253814697e-01,-1.489103734493255615e-01,-1.455607265233993530e-01,1.144993603229522705e-01,-2.244334071874618530e-01,-4.736743867397308350e-01,1.324136406183242798e-01,-1.796246170997619629e-01,1.913677304983139038e-01,4.148907959461212158e-02,-8.173242211341857910e-02,1.286775171756744385e-01,2.517934329807758331e-02,3.508689403533935547e-01,-5.372530817985534668e-01,1.091247677803039551e+00,3.270951807498931885e-01,2.474935911595821381e-02,9.577856212854385376e-02,-2.855246663093566895e-01,-1.285257577896118164e+00,3.936915397644042969e-01,9.818156063556671143e-02,-7.609508633613586426e-01,-1.049983650445938110e-01,-1.254172921180725098e-01
1.618094509467482567e-03,-1.773650757968425751e-03,7.781022191047668457e-01,9.984458088874816895e-01,1.086316630244255066e-02,-1.043606433086097240e-03,5.465299263596534729e-02,5.371886491775512695e-02,1.423723101615905762e-01,2.979294061660766602e-01,1.211957186460494995e-01,-1.480465978384017944e-01,-1.486374139785766602e-01,1.091491729021072388e-01,-2.197630107402801514e-01,-4.595641195774078369e-01,1.319689154624938965e-01,-1.780504584312438965e-01,1.881686002016067505e-01,3.550219163298606873e-02,-7.716747373342514038e-02,1.286231279373168945e-01,3.182692825794219971e-02,3.453606367111206055e-01,-5.380896329879760742e-01,1.080899953842163086e+00,3.055518567562103271e-01,1.306158117949962616e-02,8.691393584012985229e-02,-1.356493085622787476e-01,-1.119041681289672852e+00,3.905188441276550293e-01,7.668996602296829224e-02,-6.554452776908874512e-01,-1.640028208494186401e-01,-1.107337772846221924e-01
2.132930792868137360e-03,-2.371813636273145676e-03,7.781172394752502441e-01,9.987254738807678223e-01,1.003082003444433212e-02,-9.198660263791680336e-04,4.945570230484008789e-02,5.810234323143959045e-02,1.460068821907043457e-01,3.052230179309844971e-01,1.193077564239501953e-01,-1.479206234216690063e-01,-1.517355144023895264e-01,1.068691834807395935e-01,-2.147195041179656982e-01,-4.474205374717712402e-01,1.289603263139724731e-01,-1.765636950731277466e-01,1.865589618682861328e-01,2.677667699754238129e-02,-7.403819262981414795e-02,1.258671283721923828e-01,4.106457903981208801e-02,3.418213427066802979e-01,-5.390683412551879883e-01,1.070430755615234375e+00,2.817144095897674561e-01,5.980614150757901371e-05,8.491934090852737427e-02,-3.062664344906806946e-02,-9.383434057235717773e-01,4.259459376335144043e-01,1.387930661439895630e-01,-5.788993835449218750e-01,-2.028141915798187256e-01,-9.152110666036605835e-02
2.724803285673260689e-03,-2.705538412556052208e-03,7.782222032546997070e-01,9.989721179008483887e-01,9.297793731093406677e-03,-5.993253435008227825e-04,4.436133801937103271e-02,6.220144405961036682e-02,1.488477289676666260e-01,3.119058310985565186e-01,1.176284998655319214e-01,-1.482490897178649902e-01,-1.537554413080215454e-01,1.055579632520675659e-01,-2.102924734354019165e-01,-4.358728528022766113e-01,1.254285722970962524e-01,-1.750832498073577881e-01,1.855822950601577759e-01,1.520846318453550339e-02,-7.136905938386917114e-02,1.194254383444786072e-01,5.496323108673095703e-02,3.385680317878723145e-01,-5.437409281730651855e-01,1.067759513854980469e+00,2.634111642837524414e-01,-8.253269828855991364e-03,8.792909234762191772e-02,2.856328710913658142e-02,-7.555384635925292969e-01,4.834638237953186035e-01,2.856734693050384521e-01,-5.549080371856689453e-01,-2.170693427324295044e-01,-8.663419634103775024e-02
3.403472248464822769e-03,-2.734732581302523613e-03,7.783451676368713379e-01,9.991893172264099121e-01,8.717457763850688934e-03,-7.508941052947193384e-05,3.930288925766944885e-02,6.584855169057846069e-02,1.513065397739410400e-01,3.199416100978851318e-01,1.163143739104270935e-01,-1.488141566514968872e-01,-1.544130444526672363e-01,1.033306419849395752e-01,-2.071376293897628784e-01,-4.254752099514007568e-01,1.227373704314231873e-01,-1.729799211025238037e-01,1.848652064800262451e-01,5.314886802807450294e-04,-6.864006817340850830e-02,1.100470572710037231e-01,6.980636715888977051e-02,3.351390361785888672e-01,-5.517800450325012207e-01,1.075485587120056152e+00,2.525625228881835938e-01,-1.166701130568981171e-02,9.176647663116455078e-02,6.068165227770805359e-02,-5.845375061035156250e-01,5.263116955757141113e-01,4.919153153896331787e-01,-5.304487943649291992e-01,-2.177466750144958496e-01,-9.743093699216842651e-02
3.979738801717758179e-03,-2.473924309015274048e-03,7.783555388450622559e-01,9.993681907653808594e-01,8.229711093008518219e-03,5.019193631596863270e-04,3.457254543900489807e-02,6.881436705589294434e-02,1.534942090511322021e-01,3.287603259086608887e-01,1.154624223709106445e-01,-1.500582247972488403e-01,-1.544272154569625854e-01,9.991979598999023438e-02,-2.050691992044448853e-01,-4.167110323905944824e-01,1.216468364000320435e-01,-1.707667857408523560e-01,1.844722479581832886e-01,-1.626532524824142456e-02,-6.535807251930236816e-02,9.989951550960540771e-02,7.939110696315765381e-02,3.320634961128234863e-01,-5.654468536376953125e-01,1.094680666923522949e+00,2.478104829788208008e-01,-1.129847113043069839e-02,9.540119022130966187e-02,8.164537698030471802e-02,-4.369576871395111084e-01,5.355412960052490234e-01,7.274184823036193848e-01,-4.700050055980682373e-01,-2.052974551916122437e-01,-1.120691969990730286e-01
4.216639325022697449e-03,-1.948322751559317112e-03,7.782503366470336914e-01,9.995314478874206543e-01,7.742969784885644913e-03,1.147019909694790840e-03,2.959175035357475281e-02,7.140126824378967285e-02,1.551910638809204102e-01,3.378122746944427490e-01,1.152754500508308411e-01,-1.517655551433563232e-01,-1.546197235584259033e-01,9.461596608161926270e-02,-2.035617530345916748e-01,-4.069351255893707275e-01,1.216637343168258667e-01,-1.680173873901367188e-01,1.848121285438537598e-01,-3.263787552714347839e-02,-6.056648865342140198e-02,9.046790003776550293e-02,8.240371197462081909e-02,3.296445608139038086e-01,-5.852764248847961426e-01,1.122718214988708496e+00,2.477147281169891357e-01,-6.809900980442762375e-03,9.751227498054504395e-02,9.381450712680816650e-02,-3.108391761779785156e-01,5.115032196044921875e-01,9.756211042404174805e-01,-3.494904935359954834e-01,-1.757913082838058472e-01,-1.203996464610099792e-01
3.992239013314247131e-03,-1.081022433936595917e-03,7.782432436943054199e-01,9.997000694274902344e-01,7.399406284093856812e-03,1.527563435956835747e-03,2.329507283866405487e-02,7.483929395675659180e-02,1.558388769626617432e-01,3.493207693099975586e-01,1.150298416614532471e-01,-1.532016843557357788e-01,-1.544048935174942017e-01,8.806342631578445435e-02,-2.024627178907394409e-01,-3.929272294044494629e-01,1.217047944664955139e-01,-1.636588722467422485e-01,1.859109699726104736e-01,-4.435151815414428711e-02,-5.475954338908195496e-02,8.390888571739196777e-02,7.920408248901367188e-02,3.288792371749877930e-01,-6.056798100471496582e-01,1.150704383850097656e+00,2.480716854333877563e-01,3.745965077541768551e-04,9.801499545574188232e-02,1.002986207604408264e-01,-2.128437459468841553e-01,4.689412415027618408e-01,1.199015140533447266e+00,-1.730047762393951416e-01,-1.320141255855560303e-01,-1.074980646371841431e-01
3.198054619133472443e-03,1.719280844554305077e-04,7.783039212226867676e-01,9.998355507850646973e-01,7.400541100651025772e-03,1.863536890596151352e-03,1.645284704864025116e-02,7.786915451288223267e-02,1.553938388824462891e-01,3.630916476249694824e-01,1.144157275557518005e-01,-1.541168838739395142e-01,-1.535550206899642944e-01,8.113994449377059937e-02,-2.028122097253799438e-01,-3.769620060920715332e-01,1.216038316488265991e-01,-1.593792438507080078e-01,1.865638792514801025e-01,-5.130681395530700684e-02,-4.922033101320266724e-02,8.059300482273101807e-02,7.073085755109786987e-02,3.303855061531066895e-01,-6.208528280258178711e-01,1.168146610260009766e+00,2.445433884859085083e-01,4.096361342817544937e-03,9.787179529666900635e-02,1.131470128893852234e-01,-1.602993309497833252e-01,4.438497722148895264e-01,1.333241105079650879e+00,-5.608262866735458374e-02,-9.164978563785552979e-02,-7.239453494548797607e-02
1.840102137066423893e-03,1.594973262399435043e-03,7.783867120742797852e-01,9.999135136604309082e-01,7.563016843050718307e-03,2.519434317946434021e-03,1.046053413301706314e-02,7.847766578197479248e-02,1.543563604354858398e-01,3.750735819339752197e-01,1.144708469510078430e-01,-1.551612168550491333e-01,-1.519127041101455688e-01,7.367666810750961304e-02,-2.043714970350265503e-01,-3.642846643924713135e-01,1.219861581921577454e-01,-1.562117785215377808e-01,1.863130331039428711e-01,-5.720422416925430298e-02,-4.446972534060478210e-02,7.968913763761520386e-02,6.071005389094352722e-02,3.356013894081115723e-01,-6.326949596405029297e-01,1.170821309089660645e+00,2.371720373630523682e-01,1.922567840665578842e-03,9.636223316192626953e-02,1.275304406881332397e-01,-1.507625728845596313e-01,4.626811444759368896e-01,1.364326119422912598e+00,-4.243876039981842041e-02,-7.728195190429687500e-02,-3.973992913961410522e-02
2.399285876890644431e-04,2.942065009847283363e-03,7.785115838050842285e-01,9.999496936798095703e-01,7.859908044338226318e-03,3.209035843610763550e-03,5.338591989129781723e-03,7.735224068164825439e-02,1.527692079544067383e-01,3.837958574295043945e-01,1.154213398694992065e-01,-1.564189493656158447e-01,-1.498930156230926514e-01,6.629514694213867188e-02,-2.063514143228530884e-01,-3.544339537620544434e-01,1.227592676877975464e-01,-1.535133719444274902e-01,1.863841116428375244e-01,-6.329408288002014160e-02,-4.052039235830307007e-02,8.162035048007965088e-02,4.966833442449569702e-02,3.446148633956909180e-01,-6.441491842269897461e-01,1.162483096122741699e+00,2.334610223770141602e-01,-2.598318737000226974e-03,9.463901817798614502e-02,1.336799860000610352e-01,-1.705581098794937134e-01,5.148881077766418457e-01,1.336434841156005859e+00,-7.592406868934631348e-02,-8.499536663293838501e-02,-1.856432296335697174e-02
-1.389448181726038456e-03,4.096536431461572647e-03,7.786161899566650391e-01,9.999601244926452637e-01,8.156337775290012360e-03,3.529747249558568001e-03,9.116845321841537952e-04,7.649602741003036499e-02,1.513389945030212402e-01,3.908535242080688477e-01,1.166473031044006348e-01,-1.574084460735321045e-01,-1.478188335895538330e-01,6.002017855644226074e-02,-2.082822769880294800e-01,-3.470473885536193848e-01,1.234842613339424133e-01,-1.509440392255783081e-01,1.867180764675140381e-01,-6.796339899301528931e-02,-3.715445846319198608e-02,8.659169077873229980e-02,3.686902672052383423e-02,3.563351631164550781e-01,-6.551722884178161621e-01,1.147140741348266602e+00,2.362956702709197998e-01,-6.764110643416643143e-03,9.521581977605819702e-02,1.271293312311172485e-01,-2.095004171133041382e-01,5.793938040733337402e-01,1.281231880187988281e+00,-1.293656975030899048e-01,-1.017278581857681274e-01,-7.606113329529762268e-03
-3.021872136741876602e-03,5.050755571573972702e-03,7.787287831306457520e-01,9.999543428421020508e-01,8.278381079435348511e-03,3.558084834367036819e-03,-3.170636715367436409e-03,7.611498981714248657e-02,1.506237983703613281e-01,3.974519670009613037e-01,1.180237084627151489e-01,-1.579150855541229248e-01,-1.458475589752197266e-01,5.475621297955513000e-02,-2.095388621091842651e-01,-3.406431078910827637e-01,1.238948628306388855e-01,-1.482076793909072876e-01,1.865876466035842896e-01,-6.962101161479949951e-02,-3.398388624191284180e-02,9.383080899715423584e-02,2.028315141797065735e-02,3.686650693416595459e-01,-6.658282279968261719e-01,1.128017306327819824e+00,2.420793771743774414e-01,-9.740742854773998260e-03,9.957323968410491943e-02,1.055975854396820068e-01,-2.526158392429351807e-01,6.358184814453125000e-01,1.229793310165405273e+00,-1.719485819339752197e-01,-1.111178249120712280e-01,-4.891274496912956238e-03
-4.592228215187788010e-03,5.779122002422809601e-03,7.788601517677307129e-01,9.999367594718933105e-01,8.177805691957473755e-03,3.485124791041016579e-03,-6.888641975820064545e-03,7.598532736301422119e-02,1.507013142108917236e-01,4.038162529468536377e-01,1.192332580685615540e-01,-1.580911129713058472e-01,-1.443291455507278442e-01,5.000922083854675293e-02,-2.098160833120346069e-01,-3.344694972038269043e-01,1.238386183977127075e-01,-1.453116387128829956e-01,1.860539317131042480e-01,-6.809432804584503174e-02,-3.090798109769821167e-02,1.019790023565292358e-01,3.205182729288935661e-04,3.790827393531799316e-01,-6.754581332206726074e-01,1.108028292655944824e+00,2.477017790079116821e-01,-1.132932770997285843e-02,1.053609549999237061e-01,7.314262539148330688e-02,-2.907708585262298584e-01,6.771715283393859863e-01,1.194680690765380859e+00,-1.992406398057937622e-01,-1.109046489000320435e-01,-5.990217905491590500e-03
-6.080212071537971497e-03,6.323898211121559143e-03,7.789830565452575684e-01,9.999127388000488281e-01,8.033768273890018463e-03,3.370648948475718498e-03,-9.926339611411094666e-03,7.565214484930038452e-02,1.509657949209213257e-01,4.092680215835571289e-01,1.200879588723182678e-01,-1.576898247003555298e-01,-1.433363705873489380e-01,4.600935056805610657e-02,-2.097596377134323120e-01,-3.294280767440795898e-01,1.234269812703132629e-01,-1.426567137241363525e-01,1.856775879859924316e-01,-6.479047238826751709e-02,-2.821409702301025391e-02,1.106027215719223022e-01,-2.163195796310901642e-02,3.867284059524536133e-01,-6.849340796470642090e-01,1.088211655616760254e+00,2.533186674118041992e-01,-1.143293548375368118e-02,1.096778810024261475e-01,3.369404003024101257e-02,-3.231356441974639893e-01,7.078046798706054688e-01,1.171382784843444824e+00,-2.213962823152542114e-01,-1.047832146286964417e-01,-8.836939930915832520e-03
-7.548025809228420258e-03,6.724326405674219131e-03,7.791042327880859375e-01,9.998856186866760254e-01,7.864549756050109863e-03,3.291558707132935524e-03,-1.248889230191707611e-02,7.515446841716766357e-02,1.512936949729919434e-01,4.136063456535339355e-01,1.205806061625480652e-01,-1.571031957864761353e-01,-1.427070498466491699e-01,4.233834892511367798e-02,-2.094934433698654175e-01,-3.252600133419036865e-01,1.230253949761390686e-01,-1.402229815721511841e-01,1.854520440101623535e-01,-6.006709486246109009e-02,-2.582794427871704102e-02,1.193544119596481323e-01,-4.440145939588546753e-02,3.912384510040283203e-01,-6.937332749366760254e-01,1.067160010337829590e+00,2.578980326652526855e-01,-1.119493134319782257e-02,1.123384088277816772e-01,-1.001764927059412003e-02,-3.501737117767333984e-01,7.322180271148681641e-01,1.152818918228149414e+00,-2.424110323190689087e-01,-9.635231643915176392e-02,-1.181387621909379959e-02
-8.972960524260997772e-03,6.980537436902523041e-03,7.792147397994995117e-01,9.998612403869628906e-01,7.703663781285285950e-03,3.122615627944469452e-03,-1.443754043430089951e-02,7.474292814731597900e-02,1.516524255275726318e-01,4.164003431797027588e-01,1.209126263856887817e-01,-1.564045548439025879e-01,-1.423372775316238403e-01,3.942944481968879700e-02,-2.091996818780899048e-01,-3.223385810852050781e-01,1.229094862937927246e-01,-1.382693499326705933e-01,1.852420717477798462e-01,-5.445141345262527466e-02,-2.393560670316219330e-02,1.279286295175552368e-01,-6.632606685161590576e-02,3.926233947277069092e-01,-7.018886208534240723e-01,1.044799208641052246e+00,2.627450525760650635e-01,-1.133933849632740021e-02,1.139783710241317749e-01,-5.478335544466972351e-02,-3.714789748191833496e-01,7.504007220268249512e-01,1.135439515113830566e+00,-2.608159184455871582e-01,-8.828148245811462402e-02,-1.545017398893833160e-02
-1.030184701085090637e-02,7.106453180313110352e-03,7.793224453926086426e-01,9.998438954353332520e-01,7.566545624285936356e-03,2.966007217764854431e-03,-1.568868197500705719e-02,7.396294921636581421e-02,1.520350724458694458e-01,4.177567958831787109e-01,1.211094334721565247e-01,-1.559496223926544189e-01,-1.418813467025756836e-01,3.705629333853721619e-02,-2.089456319808959961e-01,-3.208884596824645996e-01,1.229531168937683105e-01,-1.366756111383438110e-01,1.849925667047500610e-01,-4.838850349187850952e-02,-2.269241400063037872e-02,1.356340348720550537e-01,-8.578367531299591064e-02,3.909275829792022705e-01,-7.087354660034179688e-01,1.021176934242248535e+00,2.676992714405059814e-01,-1.212797965854406357e-02,1.154505610466003418e-01,-9.737745672464370728e-02,-3.868255615234375000e-01,7.612877488136291504e-01,1.116786479949951172e+00,-2.730359733104705811e-01,-8.293529599905014038e-02,-1.963181234896183014e-02
-1.145290769636631012e-02,7.089474704116582870e-03,7.794306278228759766e-01,9.998345375061035156e-01,7.435374893248081207e-03,2.829012461006641388e-03,-1.635971106588840485e-02,7.299378514289855957e-02,1.526074111461639404e-01,4.181992411613464355e-01,1.212489902973175049e-01,-1.556927710771560669e-01,-1.416308134794235229e-01,3.517948836088180542e-02,-2.086327224969863892e-01,-3.204512000083923340e-01,1.231629624962806702e-01,-1.355863213539123535e-01,1.847463995218276978e-01,-4.228650778532028198e-02,-2.201309986412525177e-02,1.422749906778335571e-01,-1.020979061722755432e-01,3.863060176372528076e-01,-7.146055698394775391e-01,9.974198937416076660e-01,2.723782956600189209e-01,-1.331350579857826233e-02,1.164950728416442871e-01,-1.356385350227355957e-01,-3.962745666503906250e-01,7.654821872711181641e-01,1.095824837684631348e+00,-2.781404554843902588e-01,-8.043610304594039917e-02,-2.432728558778762817e-02
-1.245099119842052460e-02,6.919562816619873047e-03,7.795411944389343262e-01,9.998320937156677246e-01,7.298024836927652359e-03,2.623824402689933777e-03,-1.660173572599887848e-02,7.205491513013839722e-02,1.534655541181564331e-01,4.181948304176330566e-01,1.213679760694503784e-01,-1.553624272346496582e-01,-1.416366696357727051e-01,3.392988070845603943e-02,-2.081015110015869141e-01,-3.205353915691375732e-01,1.234580352902412415e-01,-1.351163983345031738e-01,1.841603070497512817e-01,-3.602009639143943787e-02,-2.193169668316841125e-02,1.478076428174972534e-01,-1.153464093804359436e-01,3.791562616825103760e-01,-7.213185429573059082e-01,9.756670594215393066e-01,2.779943346977233887e-01,-1.478116773068904877e-02,1.166953891515731812e-01,-1.691164076328277588e-01,-4.005003273487091064e-01,7.658830285072326660e-01,1.072996497154235840e+00,-2.796020507812500000e-01,-8.048947155475616455e-02,-2.920654043555259705e-02
-1.330038905143737793e-02,6.610240787267684937e-03,7.796471714973449707e-01,9.998367428779602051e-01,7.148113101720809937e-03,2.432571258395910263e-03,-1.641691289842128754e-02,7.091212272644042969e-02,1.545417010784149170e-01,4.175187945365905762e-01,1.213948205113410950e-01,-1.548367291688919067e-01,-1.419793814420700073e-01,3.306475281715393066e-02,-2.073888033628463745e-01,-3.212364614009857178e-01,1.237295120954513550e-01,-1.348032355308532715e-01,1.834811866283416748e-01,-2.953216433525085449e-02,-2.240086346864700317e-02,1.520983725786209106e-01,-1.259882599115371704e-01,3.698367476463317871e-01,-7.287151217460632324e-01,9.567360281944274902e-01,2.835615575313568115e-01,-1.618851907551288605e-02,1.157936453819274902e-01,-1.981002688407897949e-01,-4.001105725765228271e-01,7.631044387817382812e-01,1.048265695571899414e+00,-2.774321734905242920e-01,-8.208379149436950684e-02,-3.346491605043411255e-02
-1.397881563752889633e-02,6.151102948933839798e-03,7.797250151634216309e-01,9.998493790626525879e-01,6.993070244789123535e-03,2.291473560035228729e-03,-1.571967266499996185e-02,6.944883614778518677e-02,1.557248681783676147e-01,4.156228601932525635e-01,1.214955225586891174e-01,-1.541877686977386475e-01,-1.425517648458480835e-01,3.268715366721153259e-02,-2.066091299057006836e-01,-3.228782415390014648e-01,1.239072009921073914e-01,-1.345174014568328857e-01,1.828616857528686523e-01,-2.310589142143726349e-02,-2.351206354796886444e-02,1.549993008375167847e-01,-1.340788900852203369e-01,3.588590323925018311e-01,-7.375585436820983887e-01,9.426733255386352539e-01,2.897852659225463867e-01,-1.774511486291885376e-02,1.133892089128494263e-01,-2.223022282123565674e-01,-3.951950967311859131e-01,7.583341598510742188e-01,1.021904826164245605e+00,-2.721112370491027832e-01,-8.509845286607742310e-02,-3.691828995943069458e-02
-1.445646211504936218e-02,5.508427042514085770e-03,7.797657847404479980e-01,9.998682737350463867e-01,6.839609704911708832e-03,2.121848287060856819e-03,-1.456683874130249023e-02,6.803754717111587524e-02,1.569464057683944702e-01,4.128325879573822021e-01,1.218181177973747253e-01,-1.538216024637222290e-01,-1.428868323564529419e-01,3.293977305293083191e-02,-2.056671082973480225e-01,-3.251587450504302979e-01,1.239372864365577698e-01,-1.344597488641738892e-01,1.822163611650466919e-01,-1.692896708846092224e-02,-2.524856477975845337e-02,1.566300541162490845e-01,-1.394267678260803223e-01,3.468205034732818604e-01,-7.476949095726013184e-01,9.360520243644714355e-01,2.957231104373931885e-01,-1.954684965312480927e-02,1.100971028208732605e-01,-2.408546358346939087e-01,-3.861381411552429199e-01,7.543496489524841309e-01,9.955024719238281250e-01,-2.652274668216705322e-01,-8.921006321907043457e-02,-3.904272615909576416e-02
-1.473418623208999634e-02,4.767493344843387604e-03,7.797617912292480469e-01,9.998911619186401367e-01,6.695497315376996994e-03,1.924902666360139847e-03,-1.300301775336265564e-02,6.671636551618576050e-02,1.581799089908599854e-01,4.096278250217437744e-01,1.224094033241271973e-01,-1.532233357429504395e-01,-1.431009918451309204e-01,3.396775573492050171e-02,-2.047181874513626099e-01,-3.283485174179077148e-01,1.239224970340728760e-01,-1.344907283782958984e-01,1.816157549619674683e-01,-1.154744811356067657e-02,-2.758691087365150452e-02,1.571704149246215820e-01,-1.418607831001281738e-01,3.345943391323089600e-01,-7.585480809211730957e-01,9.384059309959411621e-01,3.008401989936828613e-01,-2.066943421959877014e-02,1.066064313054084778e-01,-2.544534504413604736e-01,-3.733038306236267090e-01,7.537416815757751465e-01,9.712122678756713867e-01,-2.591658830642700195e-01,-9.319926053285598755e-02,-3.967269882559776306e-02
-1.487044803798198700e-02,3.992545418441295624e-03,7.797514796257019043e-01,9.999141693115234375e-01,6.533142179250717163e-03,1.711711520329117775e-03,-1.122618932276964188e-02,6.546559184789657593e-02,1.594615727663040161e-01,4.061896800994873047e-01,1.231186464428901672e-01,-1.525426357984542847e-01,-1.433183699846267700e-01,3.550709038972854614e-02,-2.037571221590042114e-01,-3.322777450084686279e-01,1.240885034203529358e-01,-1.348021328449249268e-01,1.809665709733963013e-01,-6.706209387630224228e-03,-3.040817566215991974e-02,1.567666679620742798e-01,-1.417984515428543091e-01,3.226731717586517334e-01,-7.691472768783569336e-01,9.496403932571411133e-01,3.044150173664093018e-01,-2.024555578827857971e-02,1.032390296459197998e-01,-2.642261385917663574e-01,-3.572577238082885742e-01,7.573769688606262207e-01,9.500625729560852051e-01,-2.555528879165649414e-01,-9.675902873277664185e-02,-3.848763927817344666e-02
-1.487190462648868561e-02,3.205910092219710350e-03,7.797823548316955566e-01,9.999356865882873535e-01,6.371079478412866592e-03,1.542726997286081314e-03,-9.251642040908336639e-03,6.415556371212005615e-02,1.606905311346054077e-01,4.024959802627563477e-01,1.238336414098739624e-01,-1.516654640436172485e-01,-1.438152343034744263e-01,3.709836304187774658e-02,-2.028881311416625977e-01,-3.365359306335449219e-01,1.244117021560668945e-01,-1.352175027132034302e-01,1.803477555513381958e-01,-2.550702774897217751e-03,-3.340155631303787231e-02,1.555775403976440430e-01,-1.395969539880752563e-01,3.120825886726379395e-01,-7.787064909934997559e-01,9.687008857727050781e-01,3.068274259567260742e-01,-1.832883618772029877e-02,9.985543787479400635e-02,-2.706347405910491943e-01,-3.392692804336547852e-01,7.647992968559265137e-01,9.335309267044067383e-01,-2.542947828769683838e-01,-1.001125872135162354e-01,-3.595114499330520630e-02
-1.471286918967962265e-02,2.391101093962788582e-03,7.798265814781188965e-01,9.999547600746154785e-01,6.199320778250694275e-03,1.316441921517252922e-03,-7.091040723025798798e-03,6.309555470943450928e-02,1.619146019220352173e-01,3.987680077552795410e-01,1.243303716182708740e-01,-1.508642286062240601e-01,-1.446647644042968750e-01,3.892211616039276123e-02,-2.020557969808578491e-01,-3.409366309642791748e-01,1.247663721442222595e-01,-1.356018930673599243e-01,1.800313144922256470e-01,1.364314113743603230e-03,-3.644638508558273315e-02,1.538391411304473877e-01,-1.353675872087478638e-01,3.031292855739593506e-01,-7.870868444442749023e-01,9.949942827224731445e-01,3.081446588039398193e-01,-1.549567095935344696e-02,9.577240049839019775e-02,-2.739514708518981934e-01,-3.194846808910369873e-01,7.754240036010742188e-01,9.213006496429443359e-01,-2.540668547153472900e-01,-1.042207553982734680e-01,-3.255114331841468811e-02
-1.443768478929996490e-02,1.593726454302668571e-03,7.798425555229187012e-01,9.999690651893615723e-01,6.019440479576587677e-03,9.736997890286147594e-04,-4.967376124113798141e-03,6.271599978208541870e-02,1.630044579505920410e-01,3.953033089637756348e-01,1.242905631661415100e-01,-1.501241624355316162e-01,-1.456842273473739624e-01,4.130860045552253723e-02,-2.013572156429290771e-01,-3.451291918754577637e-01,1.251267343759536743e-01,-1.359514147043228149e-01,1.797298341989517212e-01,4.840112291276454926e-03,-3.931651264429092407e-02,1.518308073282241821e-01,-1.287432909011840820e-01,2.966856658458709717e-01,-7.934684753417968750e-01,1.025023341178894043e+00,3.075541555881500244e-01,-1.186103187501430511e-02,9.065454453229904175e-02,-2.742255330085754395e-01,-2.997234761714935303e-01,7.889889478683471680e-01,9.138681292533874512e-01,-2.540464103221893311e-01,-1.092111691832542419e-01,-2.882387675344944000e-02
-1.408009137958288193e-02,8.586645126342773438e-04,7.798154950141906738e-01,9.999783635139465332e-01,5.817184224724769592e-03,5.177155835554003716e-04,-3.018143121153116226e-03,6.300584226846694946e-02,1.640020608901977539e-01,3.920824229717254639e-01,1.239648163318634033e-01,-1.496803462505340576e-01,-1.466681659221649170e-01,4.420283809304237366e-02,-2.006973326206207275e-01,-3.492340147495269775e-01,1.256895363330841064e-01,-1.366417258977890015e-01,1.792943179607391357e-01,7.872337475419044495e-03,-4.189879819750785828e-02,1.497108787298202515e-01,-1.194301620125770569e-01,2.930431663990020752e-01,-7.967941164970397949e-01,1.054930210113525391e+00,3.041977584362030029e-01,-8.326283656060695648e-03,8.563130348920822144e-02,-2.711831331253051758e-01,-2.810994088649749756e-01,8.036236763000488281e-01,9.108039140701293945e-01,-2.537126541137695312e-01,-1.144983172416687012e-01,-2.442379109561443329e-02
-1.363522373139858246e-02,2.004196285270154476e-04,7.797540426254272461e-01,9.999831914901733398e-01,5.640557035803794861e-03,6.830529309809207916e-05,-1.331550534814596176e-03,6.393241137266159058e-02,1.647417396306991577e-01,3.894282877445220947e-01,1.234100311994552612e-01,-1.493798643350601196e-01,-1.478022038936614990e-01,4.687711596488952637e-02,-2.001007050275802612e-01,-3.528081178665161133e-01,1.266634613275527954e-01,-1.375776529312133789e-01,1.784631609916687012e-01,1.064527779817581177e-02,-4.430030658841133118e-02,1.472572088241577148e-01,-1.070501431822776794e-01,2.923632264137268066e-01,-7.963523864746093750e-01,1.082833051681518555e+00,2.984665930271148682e-01,-4.940400831401348114e-03,8.148679137229919434e-02,-2.652757465839385986e-01,-2.640073597431182861e-01,8.188812732696533203e-01,9.121865630149841309e-01,-2.541780471801757812e-01,-1.194710433483123779e-01,-1.983160339295864105e-02
-1.313661877065896988e-02,-3.370125195942819118e-04,7.796701788902282715e-01,9.999846816062927246e-01,5.523857660591602325e-03,-3.067995130550116301e-04,1.717083650873973966e-04,6.502526253461837769e-02,1.652835458517074585e-01,3.872321248054504395e-01,1.227534413337707520e-01,-1.490603387355804443e-01,-1.490454375743865967e-01,4.921305179595947266e-02,-1.996615529060363770e-01,-3.559379875659942627e-01,1.278411000967025757e-01,-1.386585086584091187e-01,1.775700002908706665e-01,1.298202574253082275e-02,-4.648657888174057007e-02,1.443703621625900269e-01,-9.218753874301910400e-02,2.947713136672973633e-01,-7.918696999549865723e-01,1.106876134872436523e+00,2.924746870994567871e-01,-2.033403841778635979e-03,7.839054614305496216e-02,-2.567943036556243896e-01,-2.497047185897827148e-01,8.335061669349670410e-01,9.177663326263427734e-01,-2.524612843990325928e-01,-1.242618411779403687e-01,-1.580988056957721710e-02
-1.264575310051441193e-02,-7.382726180367171764e-04,7.796144485473632812e-01,9.999838471412658691e-01,5.416077561676502228e-03,-5.609733052551746368e-04,1.603494398295879364e-03,6.571351736783981323e-02,1.657857000827789307e-01,3.851620256900787354e-01,1.222719922661781311e-01,-1.487885564565658569e-01,-1.502488404512405396e-01,5.086419358849525452e-02,-1.992146819829940796e-01,-3.584708869457244873e-01,1.292095184326171875e-01,-1.396583020687103271e-01,1.766110956668853760e-01,1.470266934484243393e-02,-4.838511347770690918e-02,1.410373598337173462e-01,-7.543159276247024536e-02,3.002054393291473389e-01,-7.829062938690185547e-01,1.126061201095581055e+00,2.873319387435913086e-01,1.586472644703462720e-04,7.631780952215194702e-02,-2.457273602485656738e-01,-2.388860881328582764e-01,8.464142680168151855e-01,9.279043674468994141e-01,-2.478723078966140747e-01,-1.285909563302993774e-01,-1.255674287676811218e-02
-1.221256516873836517e-02,-1.055205357261002064e-03,7.796127796173095703e-01,9.999812841415405273e-01,5.327171646058559418e-03,-6.445109029300510883e-04,2.936539938673377037e-03,6.582597643136978149e-02,1.661423891782760620e-01,3.828279972076416016e-01,1.220262497663497925e-01,-1.484912484884262085e-01,-1.511124521493911743e-01,5.175319314002990723e-02,-1.988287866115570068e-01,-3.607590794563293457e-01,1.303462535142898560e-01,-1.403443962335586548e-01,1.758269518613815308e-01,1.602347381412982941e-02,-4.995963349938392639e-02,1.376130729913711548e-01,-5.782357230782508850e-02,3.081227242946624756e-01,-7.694146633148193359e-01,1.140545845031738281e+00,2.821512520313262939e-01,1.645182841457426548e-03,7.549615949392318726e-02,-2.320126742124557495e-01,-2.321047335863113403e-01,8.565363883972167969e-01,9.428659081459045410e-01,-2.409697622060775757e-01,-1.315794289112091064e-01,-1.075646746903657913e-02
-1.182848773896694183e-02,-1.325581106357276440e-03,7.796655893325805664e-01,9.999767541885375977e-01,5.256803706288337708e-03,-5.326912505552172661e-04,4.305894020944833755e-03,6.544159352779388428e-02,1.663891226053237915e-01,3.804547190666198730e-01,1.219114065170288086e-01,-1.481345146894454956e-01,-1.516767740249633789e-01,5.245566368103027344e-02,-1.985138207674026489e-01,-3.629090189933776855e-01,1.307580769062042236e-01,-1.408215463161468506e-01,1.751725971698760986e-01,1.686783321201801300e-02,-5.121554061770439148e-02,1.345255225896835327e-01,-4.090267047286033630e-02,3.175337314605712891e-01,-7.527090907096862793e-01,1.150754809379577637e+00,2.753031849861145020e-01,2.833426930010318756e-03,7.671118527650833130e-02,-2.162715494632720947e-01,-2.295665591955184937e-01,8.634167313575744629e-01,9.617310166358947754e-01,-2.324283123016357422e-01,-1.327061951160430908e-01,-9.891980327665805817e-03
-1.148865930736064911e-02,-1.569019630551338196e-03,7.797262072563171387e-01,9.999694228172302246e-01,5.186319351196289062e-03,-2.303378423675894737e-04,5.847155582159757614e-03,6.447052210569381714e-02,1.665591746568679810e-01,3.777982294559478760e-01,1.218416020274162292e-01,-1.477096080780029297e-01,-1.520860344171524048e-01,5.333593115210533142e-02,-1.981367915868759155e-01,-3.652375936508178711e-01,1.304696053266525269e-01,-1.413378417491912842e-01,1.746721267700195312e-01,1.717616803944110870e-02,-5.210913345217704773e-02,1.317424774169921875e-01,-2.522369846701622009e-02,3.277861177921295166e-01,-7.341516613960266113e-01,1.157484650611877441e+00,2.670013308525085449e-01,3.548598382622003555e-03,7.978999614715576172e-02,-1.981117427349090576e-01,-2.310137897729873657e-01,8.675632476806640625e-01,9.846685528755187988e-01,-2.227366864681243896e-01,-1.320153325796127319e-01,-9.432057850062847137e-03
-1.124448142945766449e-02,-1.789828995242714882e-03,7.797529101371765137e-01,9.999572038650512695e-01,5.120714195072650909e-03,2.326846588402986526e-04,7.700783200562000275e-03,6.267081946134567261e-02,1.666341274976730347e-01,3.747250139713287354e-01,1.218911334872245789e-01,-1.473232358694076538e-01,-1.524931639432907104e-01,5.453728884458541870e-02,-1.979039609432220459e-01,-3.683658540248870850e-01,1.298599243164062500e-01,-1.420221179723739624e-01,1.741342991590499878e-01,1.677028648555278778e-02,-5.246838927268981934e-02,1.291868239641189575e-01,-1.110029499977827072e-02,3.374909758567810059e-01,-7.147642374038696289e-01,1.161503434181213379e+00,2.583311200141906738e-01,3.592277178540825844e-03,8.410581201314926147e-02,-1.784851998090744019e-01,-2.360201328992843628e-01,8.688240051269531250e-01,1.010689735412597656e+00,-2.130628228187561035e-01,-1.298703998327255249e-01,-8.731739595532417297e-03
-1.108266413211822510e-02,-1.914403052069246769e-03,7.797323465347290039e-01,9.999400377273559570e-01,5.098443944007158279e-03,7.963624084368348122e-04,9.655758738517761230e-03,6.014071404933929443e-02,1.664282530546188354e-01,3.713974058628082275e-01,1.220239922404289246e-01,-1.468020975589752197e-01,-1.529456228017807007e-01,5.572243034839630127e-02,-1.979707479476928711e-01,-3.719196617603302002e-01,1.291564255952835083e-01,-1.427297741174697876e-01,1.737696826457977295e-01,1.570628955960273743e-02,-5.223974213004112244e-02,1.268633604049682617e-01,1.219387049786746502e-04,3.453278839588165283e-01,-6.970176100730895996e-01,1.162803292274475098e+00,2.502730786800384521e-01,3.578216535970568657e-03,8.860705047845840454e-02,-1.585246622562408447e-01,-2.437542974948883057e-01,8.666818737983703613e-01,1.037579417228698730e+00,-2.037366181612014771e-01,-1.264125257730484009e-01,-7.252732291817665100e-03
-1.093785744160413742e-02,-1.882829470559954643e-03,7.796868085861206055e-01,9.999182820320129395e-01,5.151117220520973206e-03,1.451522228308022022e-03,1.161194406449794769e-02,5.722523853182792664e-02,1.657192707061767578e-01,3.679682910442352295e-01,1.219458878040313721e-01,-1.458408087491989136e-01,-1.533705443143844604e-01,5.671285837888717651e-02,-1.984348893165588379e-01,-3.753184378147125244e-01,1.282447427511215210e-01,-1.431665718555450439e-01,1.739024817943572998e-01,1.398305967450141907e-02,-5.146815627813339233e-02,1.247263699769973755e-01,8.441960439085960388e-03,3.510265052318572998e-01,-6.822326183319091797e-01,1.161352515220642090e+00,2.429310530424118042e-01,3.735103877261281013e-03,9.258302301168441772e-02,-1.380377113819122314e-01,-2.540858983993530273e-01,8.609508275985717773e-01,1.063945889472961426e+00,-1.958751976490020752e-01,-1.215696632862091064e-01,-5.057359114289283752e-03
-1.082133501768112183e-02,-1.721950480714440346e-03,7.796441316604614258e-01,9.998911619186401367e-01,5.299325566738843918e-03,2.055734395980834961e-03,1.361344475299119949e-02,5.430930480360984802e-02,1.644939929246902466e-01,3.642919063568115234e-01,1.216578334569931030e-01,-1.445160359144210815e-01,-1.534563302993774414e-01,5.771465599536895752e-02,-1.993274986743927002e-01,-3.786688148975372314e-01,1.273325532674789429e-01,-1.436480283737182617e-01,1.741806566715240479e-01,1.149690058082342148e-02,-5.013009160757064819e-02,1.230674907565116882e-01,1.409928034991025925e-02,3.544732034206390381e-01,-6.717077493667602539e-01,1.156137704849243164e+00,2.365794330835342407e-01,3.456478938460350037e-03,9.524580091238021851e-02,-1.180974766612052917e-01,-2.667101323604583740e-01,8.512918949127197266e-01,1.087491393089294434e+00,-1.888467818498611450e-01,-1.148305237293243408e-01,-2.233605133369565010e-03
-1.075099408626556396e-02,-1.458904705941677094e-03,7.796152830123901367e-01,9.998599886894226074e-01,5.513908341526985168e-03,2.593239070847630501e-03,1.558506023138761520e-02,5.147589743137359619e-02,1.629457324743270874e-01,3.603887259960174561e-01,1.213222593069076538e-01,-1.431326568126678467e-01,-1.532019674777984619e-01,5.864404886960983276e-02,-2.006025612354278564e-01,-3.821960389614105225e-01,1.264278292655944824e-01,-1.440941989421844482e-01,1.745854318141937256e-01,8.158323355019092560e-03,-4.813279956579208374e-02,1.217333823442459106e-01,1.698319241404533386e-02,3.557982444763183594e-01,-6.661971211433410645e-01,1.147528529167175293e+00,2.335464954376220703e-01,2.214514417573809624e-03,9.625429660081863403e-02,-9.952878952026367188e-02,-2.816194295883178711e-01,8.390339612960815430e-01,1.107071876525878906e+00,-1.811346411705017090e-01,-1.069213971495628357e-01,8.542568539269268513e-04
-1.073939166963100433e-02,-1.112936181016266346e-03,7.796031832695007324e-01,9.998278021812438965e-01,5.749532021582126617e-03,3.018248826265335083e-03,1.738180033862590790e-02,4.904006049036979675e-02,1.613138914108276367e-01,3.565337359905242920e-01,1.210233494639396667e-01,-1.419262439012527466e-01,-1.528863161802291870e-01,5.947573110461235046e-02,-2.020776867866516113e-01,-3.856894969940185547e-01,1.255631595849990845e-01,-1.443895697593688965e-01,1.750075221061706543e-01,4.220611415803432465e-03,-4.544004052877426147e-02,1.207554712891578674e-01,1.714681833982467651e-02,3.551184833049774170e-01,-6.655806899070739746e-01,1.135579705238342285e+00,2.336671948432922363e-01,-1.289297215407714248e-04,9.637614339590072632e-02,-8.266433328390121460e-02,-2.985700964927673340e-01,8.257704377174377441e-01,1.122455239295959473e+00,-1.702646166086196899e-01,-9.886975586414337158e-02,3.845043247565627098e-03
-1.077752187848091125e-02,-7.357237045653164387e-04,7.795909047126770020e-01,9.998000264167785645e-01,5.972070619463920593e-03,3.312492975965142250e-03,1.879839599132537842e-02,4.732145369052886963e-02,1.598146259784698486e-01,3.534142971038818359e-01,1.206782460212707520e-01,-1.411573439836502075e-01,-1.526799798011779785e-01,6.020021066069602966e-02,-2.035531848669052124e-01,-3.889162242412567139e-01,1.248006895184516907e-01,-1.445184350013732910e-01,1.753107458353042603e-01,1.103414615499787033e-04,-4.220862686634063721e-02,1.201259940862655640e-01,1.474405732005834579e-02,3.528404235839843750e-01,-6.691564917564392090e-01,1.121411204338073730e+00,2.359071075916290283e-01,-3.147949697449803352e-03,9.621617197990417480e-02,-6.765938550233840942e-02,-3.166560232639312744e-01,8.134112954139709473e-01,1.133085370063781738e+00,-1.579763591289520264e-01,-9.207206219434738159e-02,6.767821498215198517e-03
-1.086487341672182083e-02,-3.489024529699236155e-04,7.795736789703369141e-01,9.997800588607788086e-01,6.172322202473878860e-03,3.420954803004860878e-03,1.975237950682640076e-02,4.647123441100120544e-02,1.585909724235534668e-01,3.516393303871154785e-01,1.205586269497871399e-01,-1.405557394027709961e-01,-1.525744050741195679e-01,6.075577810406684875e-02,-2.049114555120468140e-01,-3.913765847682952881e-01,1.243849694728851318e-01,-1.444944441318511963e-01,1.754434406757354736e-01,-4.082759842276573181e-03,-3.853174671530723572e-02,1.199851855635643005e-01,1.009380444884300232e-02,3.495482206344604492e-01,-6.763207912445068359e-01,1.105609536170959473e+00,2.389436811208724976e-01,-6.307216361165046692e-03,9.641123563051223755e-02,-5.544722452759742737e-02,-3.349122107028961182e-01,8.042395710945129395e-01,1.139897823333740234e+00,-1.491872221231460571e-01,-8.641905337572097778e-02,9.480305947363376617e-03
-1.099980622529983521e-02,4.238745896145701408e-05,7.795518040657043457e-01,9.997686147689819336e-01,6.368131842464208603e-03,3.401596099138259888e-03,2.026495523750782013e-02,4.623940214514732361e-02,1.575037688016891479e-01,3.508628904819488525e-01,1.204341351985931396e-01,-1.400749534368515015e-01,-1.525081545114517212e-01,6.125753745436668396e-02,-2.060668021440505981e-01,-3.930467963218688965e-01,1.239394694566726685e-01,-1.443742513656616211e-01,1.756235212087631226e-01,-8.089993149042129517e-03,-3.481160849332809448e-02,1.204176470637321472e-01,3.325091907754540443e-03,3.455609083175659180e-01,-6.855163574218750000e-01,1.089984059333801270e+00,2.423969954252243042e-01,-9.164504706859588623e-03,9.713534265756607056e-02,-4.660164937376976013e-02,-3.516106307506561279e-01,7.990130186080932617e-01,1.143809080123901367e+00,-1.455426663160324097e-01,-8.206082135438919067e-02,1.204779464751482010e-02
-1.121747680008411407e-02,4.348213551566004753e-04,7.795634865760803223e-01,9.997656941413879395e-01,6.597065832465887070e-03,3.307108767330646515e-03,2.034810185432434082e-02,4.643606767058372498e-02,1.564028710126876831e-01,3.509493768215179443e-01,1.203939765691757202e-01,-1.398039609193801880e-01,-1.522880792617797852e-01,6.147048249840736389e-02,-2.072149068117141724e-01,-3.941313028335571289e-01,1.234717443585395813e-01,-1.442345231771469116e-01,1.760688424110412598e-01,-1.166487485170364380e-02,-3.113194368779659271e-02,1.213982626795768738e-01,-4.814235959202051163e-03,3.412189483642578125e-01,-6.956738233566284180e-01,1.075149536132812500e+00,2.460391223430633545e-01,-1.173161435872316360e-02,9.831090271472930908e-02,-4.089399054646492004e-02,-3.665140271186828613e-01,7.966309785842895508e-01,1.145647048950195312e+00,-1.460185497999191284e-01,-7.854500412940979004e-02,1.447472069412469864e-02
-1.149315852671861649e-02,8.104031439870595932e-04,7.796202898025512695e-01,9.997693896293640137e-01,6.811775267124176025e-03,3.237548051401972771e-03,2.010804787278175354e-02,4.666021093726158142e-02,1.553186178207397461e-01,3.513769209384918213e-01,1.203894391655921936e-01,-1.398004144430160522e-01,-1.519213318824768066e-01,6.119272857904434204e-02,-2.082869410514831543e-01,-3.949687480926513672e-01,1.230178102850914001e-01,-1.438717395067214966e-01,1.769961714744567871e-01,-1.481595262885093689e-02,-2.771954052150249481e-02,1.224362105131149292e-01,-1.364257279783487320e-02,3.369356691837310791e-01,-7.056805491447448730e-01,1.062847256660461426e+00,2.490401864051818848e-01,-1.370184868574142456e-02,9.991736710071563721e-02,-3.811503201723098755e-02,-3.789384663105010986e-01,7.958893775939941406e-01,1.144971370697021484e+00,-1.501702815294265747e-01,-7.618439942598342896e-02,1.706405729055404663e-02
-1.177773997187614441e-02,1.126204035244882107e-03,7.796900272369384766e-01,9.997805953025817871e-01,6.997817195951938629e-03,3.140878863632678986e-03,1.949198916554450989e-02,4.696031287312507629e-02,1.545182466506958008e-01,3.525237441062927246e-01,1.204787269234657288e-01,-1.403435468673706055e-01,-1.513917297124862671e-01,6.039315834641456604e-02,-2.092165350914001465e-01,-3.949913382530212402e-01,1.229558065533638000e-01,-1.434115469455718994e-01,1.778874844312667847e-01,-1.736923307180404663e-02,-2.474272809922695160e-02,1.231178194284439087e-01,-2.214569225907325745e-02,3.329685926437377930e-01,-7.153797149658203125e-01,1.054333567619323730e+00,2.494766116142272949e-01,-1.501134503632783890e-02,1.017134413123130798e-01,-3.782026469707489014e-02,-3.878333866596221924e-01,7.957075238227844238e-01,1.141813397407531738e+00,-1.546438038349151611e-01,-7.576975226402282715e-02,1.887685060501098633e-02
-1.202626153826713562e-02,1.412782585248351097e-03,7.797670960426330566e-01,9.997991323471069336e-01,7.197843398898839951e-03,2.994931302964687347e-03,1.846296526491641998e-02,4.752361774444580078e-02,1.541789323091506958e-01,3.553643524646759033e-01,1.204509213566780090e-01,-1.407234519720077515e-01,-1.506310999393463135e-01,5.977095663547515869e-02,-2.101166695356369019e-01,-3.940737843513488770e-01,1.235039010643959045e-01,-1.431061923503875732e-01,1.786884963512420654e-01,-1.948802173137664795e-02,-2.245554514229297638e-02,1.231969818472862244e-01,-2.927046082913875580e-02,3.294858932495117188e-01,-7.228440642356872559e-01,1.049054622650146484e+00,2.473048567771911621e-01,-1.568496413528919220e-02,1.046728938817977905e-01,-3.954968228936195374e-02,-3.931515514850616455e-01,7.962728738784790039e-01,1.137437939643859863e+00,-1.594375222921371460e-01,-7.670077681541442871e-02,1.945842057466506958e-02
